"LOCATION","INDICATOR","SUBJECT","MEASURE","FREQUENCY","TIME","Value","Flag Codes"
"AUS","CROPYIELD","WHEAT","TONNE_HA","A","1995",1.79655135015946,
"AUS","CROPYIELD","WHEAT","TONNE_HA","A","1996",2.0961960497248,
"AUS","CROPYIELD","WHEAT","TONNE_HA","A","1997",1.8414902786913,
"AUS","CROPYIELD","WHEAT","TONNE_HA","A","1998",1.8533805370706,
"AUS","CROPYIELD","WHEAT","TONNE_HA","A","1999",2.03468113081826,
"AUS","CROPYIELD","WHEAT","TONNE_HA","A","2000",1.77733118969632,
"AUS","CROPYIELD","WHEAT","TONNE_HA","A","2001",2.09528326289475,
"AUS","CROPYIELD","WHEAT","TONNE_HA","A","2002",0.917338162055977,
"AUS","CROPYIELD","WHEAT","TONNE_HA","A","2003",2.10724941535274,
"AUS","CROPYIELD","WHEAT","TONNE_HA","A","2004",1.63482349427842,
"AUS","CROPYIELD","WHEAT","TONNE_HA","A","2005",2.02306517719181,
"AUS","CROPYIELD","WHEAT","TONNE_HA","A","2006",0.917274114248879,
"AUS","CROPYIELD","WHEAT","TONNE_HA","A","2007",1.07878836062109,
"AUS","CROPYIELD","WHEAT","TONNE_HA","A","2008",1.58314855874661,
"AUS","CROPYIELD","WHEAT","TONNE_HA","A","2009",1.57294143072132,
"AUS","CROPYIELD","WHEAT","TONNE_HA","A","2010",2.03006961930062,
"AUS","CROPYIELD","WHEAT","TONNE_HA","A","2011",2.15112933389332,
"AUS","CROPYIELD","WHEAT","TONNE_HA","A","2012",1.76092148854487,
"AUS","CROPYIELD","WHEAT","TONNE_HA","A","2013",2.00610481247914,
"AUS","CROPYIELD","WHEAT","TONNE_HA","A","2014",1.91723191212922,
"AUS","CROPYIELD","WHEAT","TONNE_HA","A","2015",1.89111232703908,
"AUS","CROPYIELD","WHEAT","TONNE_HA","A","2016",2.71946121688559,
"AUS","CROPYIELD","WHEAT","TONNE_HA","A","2017",2.19347756713322,
"AUS","CROPYIELD","WHEAT","TONNE_HA","A","2018",2.20575396084814,
"CAN","CROPYIELD","WHEAT","TONNE_HA","A","1995",2.24670268907507,
"CAN","CROPYIELD","WHEAT","TONNE_HA","A","1996",2.43028746175388,
"CAN","CROPYIELD","WHEAT","TONNE_HA","A","1997",2.12853889276342,
"CAN","CROPYIELD","WHEAT","TONNE_HA","A","1998",2.25496034530694,
"CAN","CROPYIELD","WHEAT","TONNE_HA","A","1999",2.59709270959274,
"CAN","CROPYIELD","WHEAT","TONNE_HA","A","2000",2.44458672658691,
"CAN","CROPYIELD","WHEAT","TONNE_HA","A","2001",1.94523596245396,
"CAN","CROPYIELD","WHEAT","TONNE_HA","A","2002",1.83242064173317,
"CAN","CROPYIELD","WHEAT","TONNE_HA","A","2003",2.25645895538444,
"CAN","CROPYIELD","WHEAT","TONNE_HA","A","2004",2.64093770300418,
"CAN","CROPYIELD","WHEAT","TONNE_HA","A","2005",2.73805270207003,
"CAN","CROPYIELD","WHEAT","TONNE_HA","A","2006",2.60957673157254,
"CAN","CROPYIELD","WHEAT","TONNE_HA","A","2007",2.33172781185999,
"CAN","CROPYIELD","WHEAT","TONNE_HA","A","2008",2.85749088909333,
"CAN","CROPYIELD","WHEAT","TONNE_HA","A","2009",2.7897292037308,
"CAN","CROPYIELD","WHEAT","TONNE_HA","A","2010",2.80850037966263,
"CAN","CROPYIELD","WHEAT","TONNE_HA","A","2011",2.9567962583694,
"CAN","CROPYIELD","WHEAT","TONNE_HA","A","2012",2.86457971377721,
"CAN","CROPYIELD","WHEAT","TONNE_HA","A","2013",3.59430727676754,
"CAN","CROPYIELD","WHEAT","TONNE_HA","A","2014",3.10339899996726,
"CAN","CROPYIELD","WHEAT","TONNE_HA","A","2015",2.88116816669575,
"CAN","CROPYIELD","WHEAT","TONNE_HA","A","2016",3.5738857161669,
"CAN","CROPYIELD","WHEAT","TONNE_HA","A","2017",3.18615096094355,
"CAN","CROPYIELD","WHEAT","TONNE_HA","A","2018",3.25926860013874,
"JPN","CROPYIELD","WHEAT","TONNE_HA","A","1995",2.9345670833215,
"JPN","CROPYIELD","WHEAT","TONNE_HA","A","1996",3.01577286875976,
"JPN","CROPYIELD","WHEAT","TONNE_HA","A","1997",3.63809523578534,
"JPN","CROPYIELD","WHEAT","TONNE_HA","A","1998",3.51418002249434,
"JPN","CROPYIELD","WHEAT","TONNE_HA","A","1999",3.45379146714823,
"JPN","CROPYIELD","WHEAT","TONNE_HA","A","2000",3.75956283947565,
"JPN","CROPYIELD","WHEAT","TONNE_HA","A","2001",3.55510411195779,
"JPN","CROPYIELD","WHEAT","TONNE_HA","A","2002",4.0067665519542,
"JPN","CROPYIELD","WHEAT","TONNE_HA","A","2003",4.0339302525759,
"JPN","CROPYIELD","WHEAT","TONNE_HA","A","2004",4.03755868355044,
"JPN","CROPYIELD","WHEAT","TONNE_HA","A","2005",4.08878504481832,
"JPN","CROPYIELD","WHEAT","TONNE_HA","A","2006",3.83944953952319,
"JPN","CROPYIELD","WHEAT","TONNE_HA","A","2007",4.33333333126984,
"JPN","CROPYIELD","WHEAT","TONNE_HA","A","2008",4.21531100276779,
"JPN","CROPYIELD","WHEAT","TONNE_HA","A","2009",3.2366778669051,
"JPN","CROPYIELD","WHEAT","TONNE_HA","A","2010",2.75978733554384,
"JPN","CROPYIELD","WHEAT","TONNE_HA","A","2011",3.52860519927725,
"JPN","CROPYIELD","WHEAT","TONNE_HA","A","2012",4.10133843016188,
"JPN","CROPYIELD","WHEAT","TONNE_HA","A","2013",3.86298762899002,
"JPN","CROPYIELD","WHEAT","TONNE_HA","A","2014",4.00752586829373,
"JPN","CROPYIELD","WHEAT","TONNE_HA","A","2015",4.71140309492661,
"JPN","CROPYIELD","WHEAT","TONNE_HA","A","2016",4.17081375561762,
"JPN","CROPYIELD","WHEAT","TONNE_HA","A","2017",4.19166782439644,
"JPN","CROPYIELD","WHEAT","TONNE_HA","A","2018",4.21263118041636,
"KOR","CROPYIELD","WHEAT","TONNE_HA","A","1995",4.43858112289874,
"KOR","CROPYIELD","WHEAT","TONNE_HA","A","1996",3.91926788951317,
"KOR","CROPYIELD","WHEAT","TONNE_HA","A","1997",4.0440694208885,
"KOR","CROPYIELD","WHEAT","TONNE_HA","A","1998",3.4846936235646,
"KOR","CROPYIELD","WHEAT","TONNE_HA","A","1999",3.66992800587554,
"KOR","CROPYIELD","WHEAT","TONNE_HA","A","2000",2.54515750324728,
"KOR","CROPYIELD","WHEAT","TONNE_HA","A","2001",3.10491769345162,
"KOR","CROPYIELD","WHEAT","TONNE_HA","A","2002",3.22676973303265,
"KOR","CROPYIELD","WHEAT","TONNE_HA","A","2003",3.05120380825347,
"KOR","CROPYIELD","WHEAT","TONNE_HA","A","2004",3.32885012318433,
"KOR","CROPYIELD","WHEAT","TONNE_HA","A","2005",3.2058453776265,
"KOR","CROPYIELD","WHEAT","TONNE_HA","A","2006",3.34292270754185,
"KOR","CROPYIELD","WHEAT","TONNE_HA","A","2007",3.81275913834237,
"KOR","CROPYIELD","WHEAT","TONNE_HA","A","2008",4.06394648631046,
"KOR","CROPYIELD","WHEAT","TONNE_HA","A","2009",3.70672974725222,
"KOR","CROPYIELD","WHEAT","TONNE_HA","A","2010",3.11730950655635,
"KOR","CROPYIELD","WHEAT","TONNE_HA","A","2011",3.34843603688718,
"KOR","CROPYIELD","WHEAT","TONNE_HA","A","2012",3.90979186743644,
"KOR","CROPYIELD","WHEAT","TONNE_HA","A","2013",2.58524342078878,
"KOR","CROPYIELD","WHEAT","TONNE_HA","A","2014",3.26030636127707,
"KOR","CROPYIELD","WHEAT","TONNE_HA","A","2015",2.62336241937909,
"KOR","CROPYIELD","WHEAT","TONNE_HA","A","2016",3.41987835166802,
"KOR","CROPYIELD","WHEAT","TONNE_HA","A","2017",3.44548475101061,
"KOR","CROPYIELD","WHEAT","TONNE_HA","A","2018",3.47025638209986,
"MEX","CROPYIELD","WHEAT","TONNE_HA","A","1995",3.73195018742171,
"MEX","CROPYIELD","WHEAT","TONNE_HA","A","1996",4.17064122632989,
"MEX","CROPYIELD","WHEAT","TONNE_HA","A","1997",4.73466243110092,
"MEX","CROPYIELD","WHEAT","TONNE_HA","A","1998",4.20771964088843,
"MEX","CROPYIELD","WHEAT","TONNE_HA","A","1999",4.63115131003662,
"MEX","CROPYIELD","WHEAT","TONNE_HA","A","2000",4.93553185759337,
"MEX","CROPYIELD","WHEAT","TONNE_HA","A","2001",4.76604922286213,
"MEX","CROPYIELD","WHEAT","TONNE_HA","A","2002",5.09989159953189,
"MEX","CROPYIELD","WHEAT","TONNE_HA","A","2003",4.49141190977012,
"MEX","CROPYIELD","WHEAT","TONNE_HA","A","2004",4.47834001200019,
"MEX","CROPYIELD","WHEAT","TONNE_HA","A","2005",4.75169410319769,
"MEX","CROPYIELD","WHEAT","TONNE_HA","A","2006",5.22740927619592,
"MEX","CROPYIELD","WHEAT","TONNE_HA","A","2007",5.0824028168491,
"MEX","CROPYIELD","WHEAT","TONNE_HA","A","2008",5.08436565424384,
"MEX","CROPYIELD","WHEAT","TONNE_HA","A","2009",4.96876240044864,
"MEX","CROPYIELD","WHEAT","TONNE_HA","A","2010",5.41845088100845,
"MEX","CROPYIELD","WHEAT","TONNE_HA","A","2011",5.47779202445258,
"MEX","CROPYIELD","WHEAT","TONNE_HA","A","2012",5.65675700866335,
"MEX","CROPYIELD","WHEAT","TONNE_HA","A","2013",5.29342466413383,
"MEX","CROPYIELD","WHEAT","TONNE_HA","A","2014",5.19354135415891,
"MEX","CROPYIELD","WHEAT","TONNE_HA","A","2015",4.52564842551916,
"MEX","CROPYIELD","WHEAT","TONNE_HA","A","2016",4.74185463599726,
"MEX","CROPYIELD","WHEAT","TONNE_HA","A","2017",4.82034813857535,
"MEX","CROPYIELD","WHEAT","TONNE_HA","A","2018",4.86953108829799,
"NZL","CROPYIELD","WHEAT","TONNE_HA","A","1995",5.53341854993125,
"NZL","CROPYIELD","WHEAT","TONNE_HA","A","1996",5.49425010384452,
"NZL","CROPYIELD","WHEAT","TONNE_HA","A","1997",5.90456777725983,
"NZL","CROPYIELD","WHEAT","TONNE_HA","A","1998",5.33337714112247,
"NZL","CROPYIELD","WHEAT","TONNE_HA","A","1999",6.63599677121595,
"NZL","CROPYIELD","WHEAT","TONNE_HA","A","2000",7.42857141341108,
"NZL","CROPYIELD","WHEAT","TONNE_HA","A","2001",7.14452604942055,
"NZL","CROPYIELD","WHEAT","TONNE_HA","A","2002",7.48453412934866,
"NZL","CROPYIELD","WHEAT","TONNE_HA","A","2003",6.5500998245095,
"NZL","CROPYIELD","WHEAT","TONNE_HA","A","2004",8.09202078373203,
"NZL","CROPYIELD","WHEAT","TONNE_HA","A","2005",6.89631735183521,
"NZL","CROPYIELD","WHEAT","TONNE_HA","A","2006",8.49657109749724,
"NZL","CROPYIELD","WHEAT","TONNE_HA","A","2007",8.11203513653065,
"NZL","CROPYIELD","WHEAT","TONNE_HA","A","2008",7.49179261059199,
"NZL","CROPYIELD","WHEAT","TONNE_HA","A","2009",8.12406411722716,
"NZL","CROPYIELD","WHEAT","TONNE_HA","A","2010",7.28579574312639,
"NZL","CROPYIELD","WHEAT","TONNE_HA","A","2011",8.92445660470419,
"NZL","CROPYIELD","WHEAT","TONNE_HA","A","2012",9.10530701686599,
"NZL","CROPYIELD","WHEAT","TONNE_HA","A","2013",8.62674203324138,
"NZL","CROPYIELD","WHEAT","TONNE_HA","A","2014",8.67218200970498,
"NZL","CROPYIELD","WHEAT","TONNE_HA","A","2015",9.13021070781941,
"NZL","CROPYIELD","WHEAT","TONNE_HA","A","2016",9.05344399468312,
"NZL","CROPYIELD","WHEAT","TONNE_HA","A","2017",8.95194557162868,
"NZL","CROPYIELD","WHEAT","TONNE_HA","A","2018",9.00968354654522,
"TUR","CROPYIELD","WHEAT","TONNE_HA","A","1995",1.91648936168174,
"TUR","CROPYIELD","WHEAT","TONNE_HA","A","1996",1.98021390372214,
"TUR","CROPYIELD","WHEAT","TONNE_HA","A","1997",1.99678800854393,
"TUR","CROPYIELD","WHEAT","TONNE_HA","A","1998",2.23404255316772,
"TUR","CROPYIELD","WHEAT","TONNE_HA","A","1999",2.08092485546727,
"TUR","CROPYIELD","WHEAT","TONNE_HA","A","2000",2.23499999997622,
"TUR","CROPYIELD","WHEAT","TONNE_HA","A","2001",2.03283422457719,
"TUR","CROPYIELD","WHEAT","TONNE_HA","A","2002",2.09677419352584,
"TUR","CROPYIELD","WHEAT","TONNE_HA","A","2003",2.08791208788914,
"TUR","CROPYIELD","WHEAT","TONNE_HA","A","2004",2.25806451610475,
"TUR","CROPYIELD","WHEAT","TONNE_HA","A","2005",2.3243243242992,
"TUR","CROPYIELD","WHEAT","TONNE_HA","A","2006",2.3568904593362,
"TUR","CROPYIELD","WHEAT","TONNE_HA","A","2007",2.12817979745458,
"TUR","CROPYIELD","WHEAT","TONNE_HA","A","2008",2.19888751542399,
"TUR","CROPYIELD","WHEAT","TONNE_HA","A","2009",2.54320987651181,
"TUR","CROPYIELD","WHEAT","TONNE_HA","A","2010",2.42798963343912,
"TUR","CROPYIELD","WHEAT","TONNE_HA","A","2011",2.69268774700231,
"TUR","CROPYIELD","WHEAT","TONNE_HA","A","2012",2.6693227091279,
"TUR","CROPYIELD","WHEAT","TONNE_HA","A","2013",2.83674257039963,
"TUR","CROPYIELD","WHEAT","TONNE_HA","A","2014",2.39929283997475,
"TUR","CROPYIELD","WHEAT","TONNE_HA","A","2015",2.86649247859178,
"TUR","CROPYIELD","WHEAT","TONNE_HA","A","2016",2.62740356405218,
"TUR","CROPYIELD","WHEAT","TONNE_HA","A","2017",2.66681270950659,
"TUR","CROPYIELD","WHEAT","TONNE_HA","A","2018",2.70824989596078,
"USA","CROPYIELD","WHEAT","TONNE_HA","A","1995",2.41024894248925,
"USA","CROPYIELD","WHEAT","TONNE_HA","A","1996",2.4388478953183,
"USA","CROPYIELD","WHEAT","TONNE_HA","A","1997",2.65741681401263,
"USA","CROPYIELD","WHEAT","TONNE_HA","A","1998",2.90346153688685,
"USA","CROPYIELD","WHEAT","TONNE_HA","A","1999",2.86883424880272,
"USA","CROPYIELD","WHEAT","TONNE_HA","A","2000",2.82204991820573,
"USA","CROPYIELD","WHEAT","TONNE_HA","A","2001",2.70034012539155,
"USA","CROPYIELD","WHEAT","TONNE_HA","A","2002",2.377313264129,
"USA","CROPYIELD","WHEAT","TONNE_HA","A","2003",2.96997893285721,
"USA","CROPYIELD","WHEAT","TONNE_HA","A","2004",2.90259524025777,
"USA","CROPYIELD","WHEAT","TONNE_HA","A","2005",2.8256568331098,
"USA","CROPYIELD","WHEAT","TONNE_HA","A","2006",2.60385851856405,
"USA","CROPYIELD","WHEAT","TONNE_HA","A","2007",2.72568298606798,
"USA","CROPYIELD","WHEAT","TONNE_HA","A","2008",3.0172834018332,
"USA","CROPYIELD","WHEAT","TONNE_HA","A","2009",2.98927616256223,
"USA","CROPYIELD","WHEAT","TONNE_HA","A","2010",3.11817455434892,
"USA","CROPYIELD","WHEAT","TONNE_HA","A","2011",2.94172205668622,
"USA","CROPYIELD","WHEAT","TONNE_HA","A","2012",3.103513271747,
"USA","CROPYIELD","WHEAT","TONNE_HA","A","2013",3.16960191143952,
"USA","CROPYIELD","WHEAT","TONNE_HA","A","2014",2.93647632144625,
"USA","CROPYIELD","WHEAT","TONNE_HA","A","2015",2.93178800030656,
"USA","CROPYIELD","WHEAT","TONNE_HA","A","2016",3.53877134875097,
"USA","CROPYIELD","WHEAT","TONNE_HA","A","2017",3.16760296481034,
"USA","CROPYIELD","WHEAT","TONNE_HA","A","2018",3.19488281200529,
"DZA","CROPYIELD","WHEAT","TONNE_HA","A","1995",0.892325996377613,
"DZA","CROPYIELD","WHEAT","TONNE_HA","A","1996",1.3089074154757,
"DZA","CROPYIELD","WHEAT","TONNE_HA","A","1997",0.802424242326979,
"DZA","CROPYIELD","WHEAT","TONNE_HA","A","1998",0.884749708929579,
"DZA","CROPYIELD","WHEAT","TONNE_HA","A","1999",1.07142857135048,
"DZA","CROPYIELD","WHEAT","TONNE_HA","A","2000",0.918984280420921,
"DZA","CROPYIELD","WHEAT","TONNE_HA","A","2001",1.11056644874125,
"DZA","CROPYIELD","WHEAT","TONNE_HA","A","2002",1.07439198847823,
"DZA","CROPYIELD","WHEAT","TONNE_HA","A","2003",1.45210166170811,
"DZA","CROPYIELD","WHEAT","TONNE_HA","A","2004",1.30099999993495,
"DZA","CROPYIELD","WHEAT","TONNE_HA","A","2005",1.50561097247471,
"DZA","CROPYIELD","WHEAT","TONNE_HA","A","2006",1.50672645731465,
"DZA","CROPYIELD","WHEAT","TONNE_HA","A","2007",1.27417582410581,
"DZA","CROPYIELD","WHEAT","TONNE_HA","A","2008",1.10327706046641,
"DZA","CROPYIELD","WHEAT","TONNE_HA","A","2009",1.8736842104277,
"DZA","CROPYIELD","WHEAT","TONNE_HA","A","2010",1.5499999999225,
"DZA","CROPYIELD","WHEAT","TONNE_HA","A","2011",1.37499999993125,
"DZA","CROPYIELD","WHEAT","TONNE_HA","A","2012",1.72852058964268,
"DZA","CROPYIELD","WHEAT","TONNE_HA","A","2013",1.67768174877083,
"DZA","CROPYIELD","WHEAT","TONNE_HA","A","2014",0.9499999999525,
"DZA","CROPYIELD","WHEAT","TONNE_HA","A","2015",1.39999999993,
"DZA","CROPYIELD","WHEAT","TONNE_HA","A","2016",1.099999999945,
"DZA","CROPYIELD","WHEAT","TONNE_HA","A","2017",1.29999999992435,
"DZA","CROPYIELD","WHEAT","TONNE_HA","A","2018",1.31755546882978,
"ARG","CROPYIELD","WHEAT","TONNE_HA","A","1995",1.9343198864396,
"ARG","CROPYIELD","WHEAT","TONNE_HA","A","1996",2.24269005844831,
"ARG","CROPYIELD","WHEAT","TONNE_HA","A","1997",2.60885353618176,
"ARG","CROPYIELD","WHEAT","TONNE_HA","A","1998",2.3028143274433,
"ARG","CROPYIELD","WHEAT","TONNE_HA","A","1999",2.42857142853288,
"ARG","CROPYIELD","WHEAT","TONNE_HA","A","2000",2.49063670408098,
"ARG","CROPYIELD","WHEAT","TONNE_HA","A","2001",2.23534570965889,
"ARG","CROPYIELD","WHEAT","TONNE_HA","A","2002",2.03322314046226,
"ARG","CROPYIELD","WHEAT","TONNE_HA","A","2003",2.53931996508214,
"ARG","CROPYIELD","WHEAT","TONNE_HA","A","2004",2.63062469090769,
"ARG","CROPYIELD","WHEAT","TONNE_HA","A","2005",2.53074758837358,
"ARG","CROPYIELD","WHEAT","TONNE_HA","A","2006",2.62599277973599,
"ARG","CROPYIELD","WHEAT","TONNE_HA","A","2007",2.83131278138498,
"ARG","CROPYIELD","WHEAT","TONNE_HA","A","2008",1.97733711043491,
"ARG","CROPYIELD","WHEAT","TONNE_HA","A","2009",2.76101591178822,
"ARG","CROPYIELD","WHEAT","TONNE_HA","A","2010",3.51028078701061,
"ARG","CROPYIELD","WHEAT","TONNE_HA","A","2011",3.13331892819504,
"ARG","CROPYIELD","WHEAT","TONNE_HA","A","2012",2.53164556954014,
"ARG","CROPYIELD","WHEAT","TONNE_HA","A","2013",2.52054794513642,
"ARG","CROPYIELD","WHEAT","TONNE_HA","A","2014",2.64258555128056,
"ARG","CROPYIELD","WHEAT","TONNE_HA","A","2015",2.58581235692023,
"ARG","CROPYIELD","WHEAT","TONNE_HA","A","2016",3.30755395677504,
"ARG","CROPYIELD","WHEAT","TONNE_HA","A","2017",2.78298195111676,
"ARG","CROPYIELD","WHEAT","TONNE_HA","A","2018",2.8142045358597,
"BGD","CROPYIELD","WHEAT","TONNE_HA","A","1995",1.94835680720683,
"BGD","CROPYIELD","WHEAT","TONNE_HA","A","1996",1.95292439344466,
"BGD","CROPYIELD","WHEAT","TONNE_HA","A","1997",2.05367231609411,
"BGD","CROPYIELD","WHEAT","TONNE_HA","A","1998",2.2397515525168,
"BGD","CROPYIELD","WHEAT","TONNE_HA","A","1999",2.16271604465955,
"BGD","CROPYIELD","WHEAT","TONNE_HA","A","2000",2.21035092898282,
"BGD","CROPYIELD","WHEAT","TONNE_HA","A","2001",2.16429495444188,
"BGD","CROPYIELD","WHEAT","TONNE_HA","A","2002",2.1644204848835,
"BGD","CROPYIELD","WHEAT","TONNE_HA","A","2003",2.13271524086023,
"BGD","CROPYIELD","WHEAT","TONNE_HA","A","2004",1.95268549141925,
"BGD","CROPYIELD","WHEAT","TONNE_HA","A","2005",1.74778351274598,
"BGD","CROPYIELD","WHEAT","TONNE_HA","A","2006",1.53444676377151,
"BGD","CROPYIELD","WHEAT","TONNE_HA","A","2007",1.84711779402328,
"BGD","CROPYIELD","WHEAT","TONNE_HA","A","2008",2.17525773139813,
"BGD","CROPYIELD","WHEAT","TONNE_HA","A","2009",2.15154586868942,
"BGD","CROPYIELD","WHEAT","TONNE_HA","A","2010",2.39594850251001,
"BGD","CROPYIELD","WHEAT","TONNE_HA","A","2011",2.60118862785887,
"BGD","CROPYIELD","WHEAT","TONNE_HA","A","2012",2.77891904306362,
"BGD","CROPYIELD","WHEAT","TONNE_HA","A","2013",3.01381310924321,
"BGD","CROPYIELD","WHEAT","TONNE_HA","A","2014",2.80064518757403,
"BGD","CROPYIELD","WHEAT","TONNE_HA","A","2015",2.81249999941406,
"BGD","CROPYIELD","WHEAT","TONNE_HA","A","2016",2.81632653003748,
"BGD","CROPYIELD","WHEAT","TONNE_HA","A","2017",2.88375952060315,
"BGD","CROPYIELD","WHEAT","TONNE_HA","A","2018",2.92789354271574,
"BRA","CROPYIELD","WHEAT","TONNE_HA","A","1995",1.54325955718881,
"BRA","CROPYIELD","WHEAT","TONNE_HA","A","1996",1.80934065924124,
"BRA","CROPYIELD","WHEAT","TONNE_HA","A","1997",1.63534822591095,
"BRA","CROPYIELD","WHEAT","TONNE_HA","A","1998",1.61107168192966,
"BRA","CROPYIELD","WHEAT","TONNE_HA","A","1999",1.96959999984243,
"BRA","CROPYIELD","WHEAT","TONNE_HA","A","2000",1.61913696044849,
"BRA","CROPYIELD","WHEAT","TONNE_HA","A","2001",1.94849537025761,
"BRA","CROPYIELD","WHEAT","TONNE_HA","A","2002",1.51956947154992,
"BRA","CROPYIELD","WHEAT","TONNE_HA","A","2003",2.49756493496357,
"BRA","CROPYIELD","WHEAT","TONNE_HA","A","2004",2.08342284274674,
"BRA","CROPYIELD","WHEAT","TONNE_HA","A","2005",1.97456549376962,
"BRA","CROPYIELD","WHEAT","TONNE_HA","A","2006",1.59306803584127,
"BRA","CROPYIELD","WHEAT","TONNE_HA","A","2007",2.2102702701508,
"BRA","CROPYIELD","WHEAT","TONNE_HA","A","2008",2.47935973030837,
"BRA","CROPYIELD","WHEAT","TONNE_HA","A","2009",2.04069050546483,
"BRA","CROPYIELD","WHEAT","TONNE_HA","A","2010",2.77308222311561,
"BRA","CROPYIELD","WHEAT","TONNE_HA","A","2011",2.66495086557487,
"BRA","CROPYIELD","WHEAT","TONNE_HA","A","2012",2.31623479628153,
"BRA","CROPYIELD","WHEAT","TONNE_HA","A","2013",2.58733031662501,
"BRA","CROPYIELD","WHEAT","TONNE_HA","A","2014",2.20881834207376,
"BRA","CROPYIELD","WHEAT","TONNE_HA","A","2015",2.22725434685697,
"BRA","CROPYIELD","WHEAT","TONNE_HA","A","2016",2.98296261225826,
"BRA","CROPYIELD","WHEAT","TONNE_HA","A","2017",2.61194802968747,
"BRA","CROPYIELD","WHEAT","TONNE_HA","A","2018",2.61620554848421,
"CHL","CROPYIELD","WHEAT","TONNE_HA","A","1995",3.54871794780802,
"CHL","CROPYIELD","WHEAT","TONNE_HA","A","1996",3.32520325113138,
"CHL","CROPYIELD","WHEAT","TONNE_HA","A","1997",4.02158273284854,
"CHL","CROPYIELD","WHEAT","TONNE_HA","A","1998",3.53097345028585,
"CHL","CROPYIELD","WHEAT","TONNE_HA","A","1999",3.80867346841615,
"CHL","CROPYIELD","WHEAT","TONNE_HA","A","2000",4.29951690717403,
"CHL","CROPYIELD","WHEAT","TONNE_HA","A","2001",4.27230046848068,
"CHL","CROPYIELD","WHEAT","TONNE_HA","A","2002",4.31971153742315,
"CHL","CROPYIELD","WHEAT","TONNE_HA","A","2003",4.57619047510091,
"CHL","CROPYIELD","WHEAT","TONNE_HA","A","2004",4.57619047510091,
"CHL","CROPYIELD","WHEAT","TONNE_HA","A","2005",5.87936507749861,
"CHL","CROPYIELD","WHEAT","TONNE_HA","A","2006",6.05172413532253,
"CHL","CROPYIELD","WHEAT","TONNE_HA","A","2007",4.07011069960512,
"CHL","CROPYIELD","WHEAT","TONNE_HA","A","2008",4.40569394861007,
"CHL","CROPYIELD","WHEAT","TONNE_HA","A","2009",4.33712121047836,
"CHL","CROPYIELD","WHEAT","TONNE_HA","A","2010",5.62361623408723,
"CHL","CROPYIELD","WHEAT","TONNE_HA","A","2011",6.4326531889123,
"CHL","CROPYIELD","WHEAT","TONNE_HA","A","2012",4.95102052212816,
"CHL","CROPYIELD","WHEAT","TONNE_HA","A","2013",5.81491740519282,
"CHL","CROPYIELD","WHEAT","TONNE_HA","A","2014",5.32808964125406,
"CHL","CROPYIELD","WHEAT","TONNE_HA","A","2015",5.63069908600657,
"CHL","CROPYIELD","WHEAT","TONNE_HA","A","2016",6.07045215349791,
"CHL","CROPYIELD","WHEAT","TONNE_HA","A","2017",5.93097018861575,
"CHL","CROPYIELD","WHEAT","TONNE_HA","A","2018",6.01214040139728,
"CHN","CROPYIELD","WHEAT","TONNE_HA","A","1995",3.54147609146382,
"CHN","CROPYIELD","WHEAT","TONNE_HA","A","1996",3.73405153488996,
"CHN","CROPYIELD","WHEAT","TONNE_HA","A","1997",4.10183983762817,
"CHN","CROPYIELD","WHEAT","TONNE_HA","A","1998",3.68517212425295,
"CHN","CROPYIELD","WHEAT","TONNE_HA","A","1999",3.94676647950389,
"CHN","CROPYIELD","WHEAT","TONNE_HA","A","2000",3.73826586123987,
"CHN","CROPYIELD","WHEAT","TONNE_HA","A","2001",3.80619526433747,
"CHN","CROPYIELD","WHEAT","TONNE_HA","A","2002",3.77656014721526,
"CHN","CROPYIELD","WHEAT","TONNE_HA","A","2003",3.93180888301163,
"CHN","CROPYIELD","WHEAT","TONNE_HA","A","2004",4.25191898638559,
"CHN","CROPYIELD","WHEAT","TONNE_HA","A","2005",4.27540365038489,
"CHN","CROPYIELD","WHEAT","TONNE_HA","A","2006",4.59348663869651,
"CHN","CROPYIELD","WHEAT","TONNE_HA","A","2007",4.60764723239068,
"CHN","CROPYIELD","WHEAT","TONNE_HA","A","2008",4.76165474020933,
"CHN","CROPYIELD","WHEAT","TONNE_HA","A","2009",4.73899798277247,
"CHN","CROPYIELD","WHEAT","TONNE_HA","A","2010",4.74851583111499,
"CHN","CROPYIELD","WHEAT","TONNE_HA","A","2011",4.83728883393145,
"CHN","CROPYIELD","WHEAT","TONNE_HA","A","2012",4.97952035600388,
"CHN","CROPYIELD","WHEAT","TONNE_HA","A","2013",5.05560393081621,
"CHN","CROPYIELD","WHEAT","TONNE_HA","A","2014",5.2435913415379,
"CHN","CROPYIELD","WHEAT","TONNE_HA","A","2015",5.39277577562904,
"CHN","CROPYIELD","WHEAT","TONNE_HA","A","2016",5.31322314047391,
"CHN","CROPYIELD","WHEAT","TONNE_HA","A","2017",5.25129854711425,
"CHN","CROPYIELD","WHEAT","TONNE_HA","A","2018",5.29691655084083,
"COL","CROPYIELD","WHEAT","TONNE_HA","A","1995",2.1142857082449,
"COL","CROPYIELD","WHEAT","TONNE_HA","A","1996",2.16666665944444,
"COL","CROPYIELD","WHEAT","TONNE_HA","A","1997",2.08333332465278,
"COL","CROPYIELD","WHEAT","TONNE_HA","A","1998",2.05263156814404,
"COL","CROPYIELD","WHEAT","TONNE_HA","A","1999",2.35294116262976,
"COL","CROPYIELD","WHEAT","TONNE_HA","A","2000",1.84999999075,
"COL","CROPYIELD","WHEAT","TONNE_HA","A","2001",2.13333331911111,
"COL","CROPYIELD","WHEAT","TONNE_HA","A","2002",1.51874999367188,
"COL","CROPYIELD","WHEAT","TONNE_HA","A","2003",1.7245833458164,
"COL","CROPYIELD","WHEAT","TONNE_HA","A","2004",1.86956520926276,
"COL","CROPYIELD","WHEAT","TONNE_HA","A","2005",2.63157893351801,
"COL","CROPYIELD","WHEAT","TONNE_HA","A","2006",2.33470586861938,
"COL","CROPYIELD","WHEAT","TONNE_HA","A","2007",2.31315788256233,
"COL","CROPYIELD","WHEAT","TONNE_HA","A","2008",1.75066672685109,
"COL","CROPYIELD","WHEAT","TONNE_HA","A","2009",0.956666662111111,
"COL","CROPYIELD","WHEAT","TONNE_HA","A","2010",0.690952382343036,
"COL","CROPYIELD","WHEAT","TONNE_HA","A","2011",0.671052628047091,
"COL","CROPYIELD","WHEAT","TONNE_HA","A","2012",0.36644999816775,
"COL","CROPYIELD","WHEAT","TONNE_HA","A","2013",0.4014999979925,
"COL","CROPYIELD","WHEAT","TONNE_HA","A","2014",0.799999996,
"COL","CROPYIELD","WHEAT","TONNE_HA","A","2015",0.44999999775,
"COL","CROPYIELD","WHEAT","TONNE_HA","A","2016",0.8999999955,
"COL","CROPYIELD","WHEAT","TONNE_HA","A","2017",0.591784646960012,
"COL","CROPYIELD","WHEAT","TONNE_HA","A","2018",0.599359519584281,
"EGY","CROPYIELD","WHEAT","TONNE_HA","A","1995",5.42369668195036,
"EGY","CROPYIELD","WHEAT","TONNE_HA","A","1996",5.63913470937668,
"EGY","CROPYIELD","WHEAT","TONNE_HA","A","1997",5.59712918606726,
"EGY","CROPYIELD","WHEAT","TONNE_HA","A","1998",5.99115044188878,
"EGY","CROPYIELD","WHEAT","TONNE_HA","A","1999",6.3469999993653,
"EGY","CROPYIELD","WHEAT","TONNE_HA","A","2000",6.34202898489449,
"EGY","CROPYIELD","WHEAT","TONNE_HA","A","2001",6.35670731642716,
"EGY","CROPYIELD","WHEAT","TONNE_HA","A","2002",6.43203883432699,
"EGY","CROPYIELD","WHEAT","TONNE_HA","A","2003",6.50047483319084,
"EGY","CROPYIELD","WHEAT","TONNE_HA","A","2004",6.55525114095386,
"EGY","CROPYIELD","WHEAT","TONNE_HA","A","2005",6.4920255178236,
"EGY","CROPYIELD","WHEAT","TONNE_HA","A","2006",6.4289044284049,
"EGY","CROPYIELD","WHEAT","TONNE_HA","A","2007",6.46713409233417,
"EGY","CROPYIELD","WHEAT","TONNE_HA","A","2008",6.50122249335768,
"EGY","CROPYIELD","WHEAT","TONNE_HA","A","2009",6.44704992386936,
"EGY","CROPYIELD","WHEAT","TONNE_HA","A","2010",5.69151467044476,
"EGY","CROPYIELD","WHEAT","TONNE_HA","A","2011",6.56284152954232,
"EGY","CROPYIELD","WHEAT","TONNE_HA","A","2012",6.62311746938079,
"EGY","CROPYIELD","WHEAT","TONNE_HA","A","2013",6.62186756218523,
"EGY","CROPYIELD","WHEAT","TONNE_HA","A","2014",6.49587008214365,
"EGY","CROPYIELD","WHEAT","TONNE_HA","A","2015",6.34696755949598,
"EGY","CROPYIELD","WHEAT","TONNE_HA","A","2016",6.78733031623022,
"EGY","CROPYIELD","WHEAT","TONNE_HA","A","2017",6.84841611805611,
"EGY","CROPYIELD","WHEAT","TONNE_HA","A","2018",6.90999322120181,
"ETH","CROPYIELD","WHEAT","TONNE_HA","A","1995",1.37352245846649,
"ETH","CROPYIELD","WHEAT","TONNE_HA","A","1996",1.39682539665484,
"ETH","CROPYIELD","WHEAT","TONNE_HA","A","1997",1.29196217478818,
"ETH","CROPYIELD","WHEAT","TONNE_HA","A","1998",1.37379807675796,
"ETH","CROPYIELD","WHEAT","TONNE_HA","A","1999",1.11542192035738,
"ETH","CROPYIELD","WHEAT","TONNE_HA","A","2000",1.16290021510886,
"ETH","CROPYIELD","WHEAT","TONNE_HA","A","2001",1.32558139523874,
"ETH","CROPYIELD","WHEAT","TONNE_HA","A","2002",1.43936381695434,
"ETH","CROPYIELD","WHEAT","TONNE_HA","A","2003",1.38765014067259,
"ETH","CROPYIELD","WHEAT","TONNE_HA","A","2004",1.46860782516209,
"ETH","CROPYIELD","WHEAT","TONNE_HA","A","2005",1.55722463345852,
"ETH","CROPYIELD","WHEAT","TONNE_HA","A","2006",1.51986301359453,
"ETH","CROPYIELD","WHEAT","TONNE_HA","A","2007",1.67096336487985,
"ETH","CROPYIELD","WHEAT","TONNE_HA","A","2008",1.62385964900885,
"ETH","CROPYIELD","WHEAT","TONNE_HA","A","2009",1.82660334376418,
"ETH","CROPYIELD","WHEAT","TONNE_HA","A","2010",1.83902127059862,
"ETH","CROPYIELD","WHEAT","TONNE_HA","A","2011",2.02922758214788,
"ETH","CROPYIELD","WHEAT","TONNE_HA","A","2012",2.10995085982126,
"ETH","CROPYIELD","WHEAT","TONNE_HA","A","2013",2.44396017593162,
"ETH","CROPYIELD","WHEAT","TONNE_HA","A","2014",2.61234567885109,
"ETH","CROPYIELD","WHEAT","TONNE_HA","A","2015",2.60432098749356,
"ETH","CROPYIELD","WHEAT","TONNE_HA","A","2016",2.62345678996151,
"ETH","CROPYIELD","WHEAT","TONNE_HA","A","2017",2.66018511081099,
"ETH","CROPYIELD","WHEAT","TONNE_HA","A","2018",2.69880115275354,
"GHA","CROPYIELD","WHEAT","TONNE_HA","A","1995",0.99889012208657,
"GHA","CROPYIELD","WHEAT","TONNE_HA","A","1996",0.99889012208657,
"GHA","CROPYIELD","WHEAT","TONNE_HA","A","1997",0.99889012208657,
"GHA","CROPYIELD","WHEAT","TONNE_HA","A","1998",0.99889012208657,
"GHA","CROPYIELD","WHEAT","TONNE_HA","A","1999",0.99889012208657,
"GHA","CROPYIELD","WHEAT","TONNE_HA","A","2000",0.99889012208657,
"GHA","CROPYIELD","WHEAT","TONNE_HA","A","2001",0.99889012208657,
"GHA","CROPYIELD","WHEAT","TONNE_HA","A","2002",0.99889012208657,
"GHA","CROPYIELD","WHEAT","TONNE_HA","A","2003",0.99889012208657,
"GHA","CROPYIELD","WHEAT","TONNE_HA","A","2004",0.99889012208657,
"GHA","CROPYIELD","WHEAT","TONNE_HA","A","2005",0.99889012208657,
"GHA","CROPYIELD","WHEAT","TONNE_HA","A","2006",0.99889012208657,
"GHA","CROPYIELD","WHEAT","TONNE_HA","A","2007",0.99889012208657,
"GHA","CROPYIELD","WHEAT","TONNE_HA","A","2008",0.99889012208657,
"GHA","CROPYIELD","WHEAT","TONNE_HA","A","2009",0.99889012208657,
"GHA","CROPYIELD","WHEAT","TONNE_HA","A","2010",0.99889012208657,
"GHA","CROPYIELD","WHEAT","TONNE_HA","A","2011",0.99889012208657,
"GHA","CROPYIELD","WHEAT","TONNE_HA","A","2012",0.99889012208657,
"GHA","CROPYIELD","WHEAT","TONNE_HA","A","2013",0.99889012208657,
"GHA","CROPYIELD","WHEAT","TONNE_HA","A","2014",0.99889012208657,
"GHA","CROPYIELD","WHEAT","TONNE_HA","A","2015",0.99889012208657,
"GHA","CROPYIELD","WHEAT","TONNE_HA","A","2016",0.99889012208657,
"GHA","CROPYIELD","WHEAT","TONNE_HA","A","2017",1.0438132826866,
"GHA","CROPYIELD","WHEAT","TONNE_HA","A","2018",1.06132889686311,
"IND","CROPYIELD","WHEAT","TONNE_HA","A","1995",2.55902723734413,
"IND","CROPYIELD","WHEAT","TONNE_HA","A","1996",2.48278757345775,
"IND","CROPYIELD","WHEAT","TONNE_HA","A","1997",2.67895082472794,
"IND","CROPYIELD","WHEAT","TONNE_HA","A","1998",2.48520377583726,
"IND","CROPYIELD","WHEAT","TONNE_HA","A","1999",2.59012462303314,
"IND","CROPYIELD","WHEAT","TONNE_HA","A","2000",2.77846903877327,
"IND","CROPYIELD","WHEAT","TONNE_HA","A","2001",2.70805649065304,
"IND","CROPYIELD","WHEAT","TONNE_HA","A","2002",2.76219408321094,
"IND","CROPYIELD","WHEAT","TONNE_HA","A","2003",2.60993809159788,
"IND","CROPYIELD","WHEAT","TONNE_HA","A","2004",2.71291596163673,
"IND","CROPYIELD","WHEAT","TONNE_HA","A","2005",2.60167532121972,
"IND","CROPYIELD","WHEAT","TONNE_HA","A","2006",2.61856215072263,
"IND","CROPYIELD","WHEAT","TONNE_HA","A","2007",2.70798362299316,
"IND","CROPYIELD","WHEAT","TONNE_HA","A","2008",2.80216840827846,
"IND","CROPYIELD","WHEAT","TONNE_HA","A","2009",2.90717786104458,
"IND","CROPYIELD","WHEAT","TONNE_HA","A","2010",2.83907238228096,
"IND","CROPYIELD","WHEAT","TONNE_HA","A","2011",2.98830409355697,
"IND","CROPYIELD","WHEAT","TONNE_HA","A","2012",3.17749497654663,
"IND","CROPYIELD","WHEAT","TONNE_HA","A","2013",3.1166883311565,
"IND","CROPYIELD","WHEAT","TONNE_HA","A","2014",3.1454074098279,
"IND","CROPYIELD","WHEAT","TONNE_HA","A","2015",2.74995232948977,
"IND","CROPYIELD","WHEAT","TONNE_HA","A","2016",3.17267695691439,
"IND","CROPYIELD","WHEAT","TONNE_HA","A","2017",2.99999999995272,
"IND","CROPYIELD","WHEAT","TONNE_HA","A","2018",3.03614223186135,
"IDN","CROPYIELD","WHEAT","TONNE_HA","A","1995",0.99889012208657,
"IDN","CROPYIELD","WHEAT","TONNE_HA","A","1996",0.99889012208657,
"IDN","CROPYIELD","WHEAT","TONNE_HA","A","1997",0.99889012208657,
"IDN","CROPYIELD","WHEAT","TONNE_HA","A","1998",0.99889012208657,
"IDN","CROPYIELD","WHEAT","TONNE_HA","A","1999",0.99889012208657,
"IDN","CROPYIELD","WHEAT","TONNE_HA","A","2000",0.99889012208657,
"IDN","CROPYIELD","WHEAT","TONNE_HA","A","2001",0.99889012208657,
"IDN","CROPYIELD","WHEAT","TONNE_HA","A","2002",0.99889012208657,
"IDN","CROPYIELD","WHEAT","TONNE_HA","A","2003",0.99889012208657,
"IDN","CROPYIELD","WHEAT","TONNE_HA","A","2004",0.99889012208657,
"IDN","CROPYIELD","WHEAT","TONNE_HA","A","2005",0.99889012208657,
"IDN","CROPYIELD","WHEAT","TONNE_HA","A","2006",0.99889012208657,
"IDN","CROPYIELD","WHEAT","TONNE_HA","A","2007",0.99889012208657,
"IDN","CROPYIELD","WHEAT","TONNE_HA","A","2008",0.99889012208657,
"IDN","CROPYIELD","WHEAT","TONNE_HA","A","2009",0.99889012208657,
"IDN","CROPYIELD","WHEAT","TONNE_HA","A","2010",0.99889012208657,
"IDN","CROPYIELD","WHEAT","TONNE_HA","A","2011",0.99889012208657,
"IDN","CROPYIELD","WHEAT","TONNE_HA","A","2012",0.99889012208657,
"IDN","CROPYIELD","WHEAT","TONNE_HA","A","2013",0.99889012208657,
"IDN","CROPYIELD","WHEAT","TONNE_HA","A","2014",0.99889012208657,
"IDN","CROPYIELD","WHEAT","TONNE_HA","A","2015",0.99889012208657,
"IDN","CROPYIELD","WHEAT","TONNE_HA","A","2016",0.99889012208657,
"IDN","CROPYIELD","WHEAT","TONNE_HA","A","2017",1.03743245433355,
"IDN","CROPYIELD","WHEAT","TONNE_HA","A","2018",1.05306418100967,
"IRN","CROPYIELD","WHEAT","TONNE_HA","A","1995",1.70976092581529,
"IRN","CROPYIELD","WHEAT","TONNE_HA","A","1996",1.58264854611911,
"IRN","CROPYIELD","WHEAT","TONNE_HA","A","1997",1.59469757101771,
"IRN","CROPYIELD","WHEAT","TONNE_HA","A","1998",1.93446601938617,
"IRN","CROPYIELD","WHEAT","TONNE_HA","A","1999",1.83013293940008,
"IRN","CROPYIELD","WHEAT","TONNE_HA","A","2000",1.58588235291008,
"IRN","CROPYIELD","WHEAT","TONNE_HA","A","2001",1.70340356560952,
"IRN","CROPYIELD","WHEAT","TONNE_HA","A","2002",1.99487261653589,
"IRN","CROPYIELD","WHEAT","TONNE_HA","A","2003",2.0676923076605,
"IRN","CROPYIELD","WHEAT","TONNE_HA","A","2004",2.15525925922733,
"IRN","CROPYIELD","WHEAT","TONNE_HA","A","2005",2.30774193544665,
"IRN","CROPYIELD","WHEAT","TONNE_HA","A","2006",2.37096774189724,
"IRN","CROPYIELD","WHEAT","TONNE_HA","A","2007",2.48437499996118,
"IRN","CROPYIELD","WHEAT","TONNE_HA","A","2008",1.16649999998056,
"IRN","CROPYIELD","WHEAT","TONNE_HA","A","2009",1.98245901636094,
"IRN","CROPYIELD","WHEAT","TONNE_HA","A","2010",1.96886654772225,
"IRN","CROPYIELD","WHEAT","TONNE_HA","A","2011",1.42502874032805,
"IRN","CROPYIELD","WHEAT","TONNE_HA","A","2012",1.44075829381532,
"IRN","CROPYIELD","WHEAT","TONNE_HA","A","2013",1.52050988721163,
"IRN","CROPYIELD","WHEAT","TONNE_HA","A","2014",1.7323092008215,
"IRN","CROPYIELD","WHEAT","TONNE_HA","A","2015",1.87939205749503,
"IRN","CROPYIELD","WHEAT","TONNE_HA","A","2016",2.20624285010286,
"IRN","CROPYIELD","WHEAT","TONNE_HA","A","2017",2.23933614151348,
"IRN","CROPYIELD","WHEAT","TONNE_HA","A","2018",2.27399248949542,
"KAZ","CROPYIELD","WHEAT","TONNE_HA","A","1995",0.597514340339408,
"KAZ","CROPYIELD","WHEAT","TONNE_HA","A","1996",0.683887057979123,
"KAZ","CROPYIELD","WHEAT","TONNE_HA","A","1997",0.844891027447449,
"KAZ","CROPYIELD","WHEAT","TONNE_HA","A","1998",0.603732162452209,
"KAZ","CROPYIELD","WHEAT","TONNE_HA","A","1999",1.28685897434424,
"KAZ","CROPYIELD","WHEAT","TONNE_HA","A","2000",0.904847218066041,
"KAZ","CROPYIELD","WHEAT","TONNE_HA","A","2001",1.16727941175398,
"KAZ","CROPYIELD","WHEAT","TONNE_HA","A","2002",1.09352890421835,
"KAZ","CROPYIELD","WHEAT","TONNE_HA","A","2003",1.01549159404088,
"KAZ","CROPYIELD","WHEAT","TONNE_HA","A","2004",0.831130812973978,
"KAZ","CROPYIELD","WHEAT","TONNE_HA","A","2005",0.885381087912038,
"KAZ","CROPYIELD","WHEAT","TONNE_HA","A","2006",1.08325285690421,
"KAZ","CROPYIELD","WHEAT","TONNE_HA","A","2007",1.27729599750793,
"KAZ","CROPYIELD","WHEAT","TONNE_HA","A","2008",0.930409617090157,
"KAZ","CROPYIELD","WHEAT","TONNE_HA","A","2009",1.15598942443796,
"KAZ","CROPYIELD","WHEAT","TONNE_HA","A","2010",0.675809844336869,
"KAZ","CROPYIELD","WHEAT","TONNE_HA","A","2011",1.64142537366134,
"KAZ","CROPYIELD","WHEAT","TONNE_HA","A","2012",0.728970370364971,
"KAZ","CROPYIELD","WHEAT","TONNE_HA","A","2013",1.06418320609875,
"KAZ","CROPYIELD","WHEAT","TONNE_HA","A","2014",1.04915240554529,
"KAZ","CROPYIELD","WHEAT","TONNE_HA","A","2015",1.16505084744775,
"KAZ","CROPYIELD","WHEAT","TONNE_HA","A","2016",1.22131147539983,
"KAZ","CROPYIELD","WHEAT","TONNE_HA","A","2017",1.1059999999877,
"KAZ","CROPYIELD","WHEAT","TONNE_HA","A","2018",1.24642140122714,
"MYS","CROPYIELD","WHEAT","TONNE_HA","A","1995",0.99889012208657,
"MYS","CROPYIELD","WHEAT","TONNE_HA","A","1996",0.99889012208657,
"MYS","CROPYIELD","WHEAT","TONNE_HA","A","1997",0.99889012208657,
"MYS","CROPYIELD","WHEAT","TONNE_HA","A","1998",0.99889012208657,
"MYS","CROPYIELD","WHEAT","TONNE_HA","A","1999",0.99889012208657,
"MYS","CROPYIELD","WHEAT","TONNE_HA","A","2000",0.99889012208657,
"MYS","CROPYIELD","WHEAT","TONNE_HA","A","2001",0.99889012208657,
"MYS","CROPYIELD","WHEAT","TONNE_HA","A","2002",0.99889012208657,
"MYS","CROPYIELD","WHEAT","TONNE_HA","A","2003",0.99889012208657,
"MYS","CROPYIELD","WHEAT","TONNE_HA","A","2004",0.99889012208657,
"MYS","CROPYIELD","WHEAT","TONNE_HA","A","2005",0.99889012208657,
"MYS","CROPYIELD","WHEAT","TONNE_HA","A","2006",0.99889012208657,
"MYS","CROPYIELD","WHEAT","TONNE_HA","A","2007",0.99889012208657,
"MYS","CROPYIELD","WHEAT","TONNE_HA","A","2008",0.99889012208657,
"MYS","CROPYIELD","WHEAT","TONNE_HA","A","2009",0.99889012208657,
"MYS","CROPYIELD","WHEAT","TONNE_HA","A","2010",0.99889012208657,
"MYS","CROPYIELD","WHEAT","TONNE_HA","A","2011",0.99889012208657,
"MYS","CROPYIELD","WHEAT","TONNE_HA","A","2012",0.99889012208657,
"MYS","CROPYIELD","WHEAT","TONNE_HA","A","2013",0.99889012208657,
"MYS","CROPYIELD","WHEAT","TONNE_HA","A","2014",0.99889012208657,
"MYS","CROPYIELD","WHEAT","TONNE_HA","A","2015",0.99889012208657,
"MYS","CROPYIELD","WHEAT","TONNE_HA","A","2016",0.99889012208657,
"MYS","CROPYIELD","WHEAT","TONNE_HA","A","2017",1.04094281975179,
"MYS","CROPYIELD","WHEAT","TONNE_HA","A","2018",1.05471732170476,
"MOZ","CROPYIELD","WHEAT","TONNE_HA","A","1995",0.999999950000003,
"MOZ","CROPYIELD","WHEAT","TONNE_HA","A","1996",0.999999950000003,
"MOZ","CROPYIELD","WHEAT","TONNE_HA","A","1997",0.999999950000003,
"MOZ","CROPYIELD","WHEAT","TONNE_HA","A","1998",1.11111104938272,
"MOZ","CROPYIELD","WHEAT","TONNE_HA","A","1999",1.11111104938272,
"MOZ","CROPYIELD","WHEAT","TONNE_HA","A","2000",0.833333263888895,
"MOZ","CROPYIELD","WHEAT","TONNE_HA","A","2001",0.882352909703946,
"MOZ","CROPYIELD","WHEAT","TONNE_HA","A","2002",1.05263152354571,
"MOZ","CROPYIELD","WHEAT","TONNE_HA","A","2003",1.05263152354571,
"MOZ","CROPYIELD","WHEAT","TONNE_HA","A","2004",1.10526309972299,
"MOZ","CROPYIELD","WHEAT","TONNE_HA","A","2005",1.10526309972299,
"MOZ","CROPYIELD","WHEAT","TONNE_HA","A","2006",1.05263152354571,
"MOZ","CROPYIELD","WHEAT","TONNE_HA","A","2007",0.999999950000003,
"MOZ","CROPYIELD","WHEAT","TONNE_HA","A","2008",0.999999987194001,
"MOZ","CROPYIELD","WHEAT","TONNE_HA","A","2009",0.999999992307692,
"MOZ","CROPYIELD","WHEAT","TONNE_HA","A","2010",1.02564102931343,
"MOZ","CROPYIELD","WHEAT","TONNE_HA","A","2011",1.23076921814596,
"MOZ","CROPYIELD","WHEAT","TONNE_HA","A","2012",0.995825606187761,
"MOZ","CROPYIELD","WHEAT","TONNE_HA","A","2013",1.09999446324874,
"MOZ","CROPYIELD","WHEAT","TONNE_HA","A","2014",0.999999994444444,
"MOZ","CROPYIELD","WHEAT","TONNE_HA","A","2015",1.09468089572388,
"MOZ","CROPYIELD","WHEAT","TONNE_HA","A","2016",1.14446649422591,
"MOZ","CROPYIELD","WHEAT","TONNE_HA","A","2017",1.14651328585289,
"MOZ","CROPYIELD","WHEAT","TONNE_HA","A","2018",1.17116925516575,
"NGA","CROPYIELD","WHEAT","TONNE_HA","A","1995",2.199999989,
"NGA","CROPYIELD","WHEAT","TONNE_HA","A","1996",2.04347825198488,
"NGA","CROPYIELD","WHEAT","TONNE_HA","A","1997",2.63999998944,
"NGA","CROPYIELD","WHEAT","TONNE_HA","A","1998",1.99999999591837,
"NGA","CROPYIELD","WHEAT","TONNE_HA","A","1999",2.8857143610027,
"NGA","CROPYIELD","WHEAT","TONNE_HA","A","2000",2.0857142797551,
"NGA","CROPYIELD","WHEAT","TONNE_HA","A","2001",1.45714290737111,
"NGA","CROPYIELD","WHEAT","TONNE_HA","A","2002",1.54285713844898,
"NGA","CROPYIELD","WHEAT","TONNE_HA","A","2003",1.65714285240816,
"NGA","CROPYIELD","WHEAT","TONNE_HA","A","2004",1.7714286122828,
"NGA","CROPYIELD","WHEAT","TONNE_HA","A","2005",1.88571428032653,
"NGA","CROPYIELD","WHEAT","TONNE_HA","A","2006",2.02857142277551,
"NGA","CROPYIELD","WHEAT","TONNE_HA","A","2007",1.25714289278525,
"NGA","CROPYIELD","WHEAT","TONNE_HA","A","2008",1.51428570995918,
"NGA","CROPYIELD","WHEAT","TONNE_HA","A","2009",1.51428570995918,
"NGA","CROPYIELD","WHEAT","TONNE_HA","A","2010",1.51428570995918,
"NGA","CROPYIELD","WHEAT","TONNE_HA","A","2011",2.28571427918367,
"NGA","CROPYIELD","WHEAT","TONNE_HA","A","2012",2.28571427918367,
"NGA","CROPYIELD","WHEAT","TONNE_HA","A","2013",1.99999999428571,
"NGA","CROPYIELD","WHEAT","TONNE_HA","A","2014",1.99999999428571,
"NGA","CROPYIELD","WHEAT","TONNE_HA","A","2015",1.99999999428571,
"NGA","CROPYIELD","WHEAT","TONNE_HA","A","2016",2.1142857082449,
"NGA","CROPYIELD","WHEAT","TONNE_HA","A","2017",2.21199112792512,
"NGA","CROPYIELD","WHEAT","TONNE_HA","A","2018",2.24850033925933,
"PAK","CROPYIELD","WHEAT","TONNE_HA","A","1995",2.08102815174931,
"PAK","CROPYIELD","WHEAT","TONNE_HA","A","1996",2.01850525308001,
"PAK","CROPYIELD","WHEAT","TONNE_HA","A","1997",2.0532741398193,
"PAK","CROPYIELD","WHEAT","TONNE_HA","A","1998",2.23746259722038,
"PAK","CROPYIELD","WHEAT","TONNE_HA","A","1999",2.16984410500529,
"PAK","CROPYIELD","WHEAT","TONNE_HA","A","2000",2.49067706484118,
"PAK","CROPYIELD","WHEAT","TONNE_HA","A","2001",2.32540827300111,
"PAK","CROPYIELD","WHEAT","TONNE_HA","A","2002",2.26205398694059,
"PAK","CROPYIELD","WHEAT","TONNE_HA","A","2003",2.38779422195462,
"PAK","CROPYIELD","WHEAT","TONNE_HA","A","2004",2.37333564956632,
"PAK","CROPYIELD","WHEAT","TONNE_HA","A","2005",2.58582196694681,
"PAK","CROPYIELD","WHEAT","TONNE_HA","A","2006",2.51859041889087,
"PAK","CROPYIELD","WHEAT","TONNE_HA","A","2007",2.71563301465708,
"PAK","CROPYIELD","WHEAT","TONNE_HA","A","2008",2.45137897959658,
"PAK","CROPYIELD","WHEAT","TONNE_HA","A","2009",2.65674331193172,
"PAK","CROPYIELD","WHEAT","TONNE_HA","A","2010",2.58102661762499,
"PAK","CROPYIELD","WHEAT","TONNE_HA","A","2011",2.83278843233866,
"PAK","CROPYIELD","WHEAT","TONNE_HA","A","2012",2.71375060691908,
"PAK","CROPYIELD","WHEAT","TONNE_HA","A","2013",2.79570910599298,
"PAK","CROPYIELD","WHEAT","TONNE_HA","A","2014",2.82401921882291,
"PAK","CROPYIELD","WHEAT","TONNE_HA","A","2015",2.73267973853232,
"PAK","CROPYIELD","WHEAT","TONNE_HA","A","2016",2.77884405667635,
"PAK","CROPYIELD","WHEAT","TONNE_HA","A","2017",2.8764393296619,
"PAK","CROPYIELD","WHEAT","TONNE_HA","A","2018",2.91915189333363,
"PRY","CROPYIELD","WHEAT","TONNE_HA","A","1995",2.45701357354886,
"PRY","CROPYIELD","WHEAT","TONNE_HA","A","1996",1.78571428491709,
"PRY","CROPYIELD","WHEAT","TONNE_HA","A","1997",1.13930348202025,
"PRY","CROPYIELD","WHEAT","TONNE_HA","A","1998",0.957446808001358,
"PRY","CROPYIELD","WHEAT","TONNE_HA","A","1999",1.46874999885254,
"PRY","CROPYIELD","WHEAT","TONNE_HA","A","2000",1.38364779787192,
"PRY","CROPYIELD","WHEAT","TONNE_HA","A","2001",1.83448275798811,
"PRY","CROPYIELD","WHEAT","TONNE_HA","A","2002",1.72668810233869,
"PRY","CROPYIELD","WHEAT","TONNE_HA","A","2003",2.46551724052913,
"PRY","CROPYIELD","WHEAT","TONNE_HA","A","2004",2.46153846078106,
"PRY","CROPYIELD","WHEAT","TONNE_HA","A","2005",1.69863013652092,
"PRY","CROPYIELD","WHEAT","TONNE_HA","A","2006",2.49999999921875,
"PRY","CROPYIELD","WHEAT","TONNE_HA","A","2007",2.09973753225729,
"PRY","CROPYIELD","WHEAT","TONNE_HA","A","2008",2.10039370037394,
"PRY","CROPYIELD","WHEAT","TONNE_HA","A","2009",2.49910873395738,
"PRY","CROPYIELD","WHEAT","TONNE_HA","A","2010",2.71614100135137,
"PRY","CROPYIELD","WHEAT","TONNE_HA","A","2011",2.37992125937403,
"PRY","CROPYIELD","WHEAT","TONNE_HA","A","2012",2.29074074031653,
"PRY","CROPYIELD","WHEAT","TONNE_HA","A","2013",1.29888888864835,
"PRY","CROPYIELD","WHEAT","TONNE_HA","A","2014",2.07911392372166,
"PRY","CROPYIELD","WHEAT","TONNE_HA","A","2015",1.99999999962406,
"PRY","CROPYIELD","WHEAT","TONNE_HA","A","2016",2.19178082131732,
"PRY","CROPYIELD","WHEAT","TONNE_HA","A","2017",2.07971065998006,
"PRY","CROPYIELD","WHEAT","TONNE_HA","A","2018",2.12361484072491,
"PER","CROPYIELD","WHEAT","TONNE_HA","A","1995",1.26262626135088,
"PER","CROPYIELD","WHEAT","TONNE_HA","A","1996",1.2478632467967,
"PER","CROPYIELD","WHEAT","TONNE_HA","A","1997",1.11711711611071,
"PER","CROPYIELD","WHEAT","TONNE_HA","A","1998",1.15873015781053,
"PER","CROPYIELD","WHEAT","TONNE_HA","A","1999",1.28787878690312,
"PER","CROPYIELD","WHEAT","TONNE_HA","A","2000",1.27891156375584,
"PER","CROPYIELD","WHEAT","TONNE_HA","A","2001",1.24657534161193,
"PER","CROPYIELD","WHEAT","TONNE_HA","A","2002",3.20205478903758,
"PER","CROPYIELD","WHEAT","TONNE_HA","A","2003",3.99999999157895,
"PER","CROPYIELD","WHEAT","TONNE_HA","A","2004",1.38323840408199,
"PER","CROPYIELD","WHEAT","TONNE_HA","A","2005",1.34789156525008,
"PER","CROPYIELD","WHEAT","TONNE_HA","A","2006",1.3356643347303,
"PER","CROPYIELD","WHEAT","TONNE_HA","A","2007",1.2586445357824,
"PER","CROPYIELD","WHEAT","TONNE_HA","A","2008",1.34853420107587,
"PER","CROPYIELD","WHEAT","TONNE_HA","A","2009",1.41049968285231,
"PER","CROPYIELD","WHEAT","TONNE_HA","A","2010",1.41839378146477,
"PER","CROPYIELD","WHEAT","TONNE_HA","A","2011",1.4718019247099,
"PER","CROPYIELD","WHEAT","TONNE_HA","A","2012",1.48782093384607,
"PER","CROPYIELD","WHEAT","TONNE_HA","A","2013",1.49557867262966,
"PER","CROPYIELD","WHEAT","TONNE_HA","A","2014",1.5524822684025,
"PER","CROPYIELD","WHEAT","TONNE_HA","A","2015",1.59489050978475,
"PER","CROPYIELD","WHEAT","TONNE_HA","A","2016",1.47887323839516,
"PER","CROPYIELD","WHEAT","TONNE_HA","A","2017",1.57782576957688,
"PER","CROPYIELD","WHEAT","TONNE_HA","A","2018",1.60126848601717,
"PHL","CROPYIELD","WHEAT","TONNE_HA","A","1995",0.99889012208657,
"PHL","CROPYIELD","WHEAT","TONNE_HA","A","1996",0.99889012208657,
"PHL","CROPYIELD","WHEAT","TONNE_HA","A","1997",0.99889012208657,
"PHL","CROPYIELD","WHEAT","TONNE_HA","A","1998",0.99889012208657,
"PHL","CROPYIELD","WHEAT","TONNE_HA","A","1999",0.99889012208657,
"PHL","CROPYIELD","WHEAT","TONNE_HA","A","2000",0.99889012208657,
"PHL","CROPYIELD","WHEAT","TONNE_HA","A","2001",0.99889012208657,
"PHL","CROPYIELD","WHEAT","TONNE_HA","A","2002",0.99889012208657,
"PHL","CROPYIELD","WHEAT","TONNE_HA","A","2003",0.99889012208657,
"PHL","CROPYIELD","WHEAT","TONNE_HA","A","2004",0.99889012208657,
"PHL","CROPYIELD","WHEAT","TONNE_HA","A","2005",0.99889012208657,
"PHL","CROPYIELD","WHEAT","TONNE_HA","A","2006",0.99889012208657,
"PHL","CROPYIELD","WHEAT","TONNE_HA","A","2007",0.99889012208657,
"PHL","CROPYIELD","WHEAT","TONNE_HA","A","2008",0.99889012208657,
"PHL","CROPYIELD","WHEAT","TONNE_HA","A","2009",0.99889012208657,
"PHL","CROPYIELD","WHEAT","TONNE_HA","A","2010",0.99889012208657,
"PHL","CROPYIELD","WHEAT","TONNE_HA","A","2011",0.99889012208657,
"PHL","CROPYIELD","WHEAT","TONNE_HA","A","2012",0.99889012208657,
"PHL","CROPYIELD","WHEAT","TONNE_HA","A","2013",0.99889012208657,
"PHL","CROPYIELD","WHEAT","TONNE_HA","A","2014",0.99889012208657,
"PHL","CROPYIELD","WHEAT","TONNE_HA","A","2015",0.99889012208657,
"PHL","CROPYIELD","WHEAT","TONNE_HA","A","2016",0.99889012208657,
"PHL","CROPYIELD","WHEAT","TONNE_HA","A","2017",1.03174836350983,
"PHL","CROPYIELD","WHEAT","TONNE_HA","A","2018",1.04639399658327,
"RUS","CROPYIELD","WHEAT","TONNE_HA","A","1995",1.25971266049914,
"RUS","CROPYIELD","WHEAT","TONNE_HA","A","1996",1.35431095213501,
"RUS","CROPYIELD","WHEAT","TONNE_HA","A","1997",1.69769465765391,
"RUS","CROPYIELD","WHEAT","TONNE_HA","A","1998",1.0342400674264,
"RUS","CROPYIELD","WHEAT","TONNE_HA","A","1999",1.34640574232757,
"RUS","CROPYIELD","WHEAT","TONNE_HA","A","2000",1.48509101878346,
"RUS","CROPYIELD","WHEAT","TONNE_HA","A","2001",1.97754235219029,
"RUS","CROPYIELD","WHEAT","TONNE_HA","A","2002",1.97264850751316,
"RUS","CROPYIELD","WHEAT","TONNE_HA","A","2003",1.53952950744899,
"RUS","CROPYIELD","WHEAT","TONNE_HA","A","2004",1.89283260424992,
"RUS","CROPYIELD","WHEAT","TONNE_HA","A","2005",1.8788841054302,
"RUS","CROPYIELD","WHEAT","TONNE_HA","A","2006",1.90424617470477,
"RUS","CROPYIELD","WHEAT","TONNE_HA","A","2007",2.0247712656795,
"RUS","CROPYIELD","WHEAT","TONNE_HA","A","2008",2.39421544699285,
"RUS","CROPYIELD","WHEAT","TONNE_HA","A","2009",2.1513694334025,
"RUS","CROPYIELD","WHEAT","TONNE_HA","A","2010",1.55968887385278,
"RUS","CROPYIELD","WHEAT","TONNE_HA","A","2011",2.19011643754745,
"RUS","CROPYIELD","WHEAT","TONNE_HA","A","2012",1.46838990967974,
"RUS","CROPYIELD","WHEAT","TONNE_HA","A","2013",2.08363999999167,
"RUS","CROPYIELD","WHEAT","TONNE_HA","A","2014",2.38319696666381,
"RUS","CROPYIELD","WHEAT","TONNE_HA","A","2015",2.41521382220931,
"RUS","CROPYIELD","WHEAT","TONNE_HA","A","2016",2.6425992779688,
"RUS","CROPYIELD","WHEAT","TONNE_HA","A","2017",2.48033668894766,
"RUS","CROPYIELD","WHEAT","TONNE_HA","A","2018",2.49651569051388,
"SAU","CROPYIELD","WHEAT","TONNE_HA","A","1995",4.46612466003628,
"SAU","CROPYIELD","WHEAT","TONNE_HA","A","1996",4.37956204219724,
"SAU","CROPYIELD","WHEAT","TONNE_HA","A","1997",4.45409429169874,
"SAU","CROPYIELD","WHEAT","TONNE_HA","A","1998",4.50389610272626,
"SAU","CROPYIELD","WHEAT","TONNE_HA","A","1999",4.25363825275392,
"SAU","CROPYIELD","WHEAT","TONNE_HA","A","2000",4.26491646676255,
"SAU","CROPYIELD","WHEAT","TONNE_HA","A","2001",4.91037735733246,
"SAU","CROPYIELD","WHEAT","TONNE_HA","A","2002",4.8817635260758,
"SAU","CROPYIELD","WHEAT","TONNE_HA","A","2003",4.88201160447156,
"SAU","CROPYIELD","WHEAT","TONNE_HA","A","2004",5.30783938713043,
"SAU","CROPYIELD","WHEAT","TONNE_HA","A","2005",5.41513292322799,
"SAU","CROPYIELD","WHEAT","TONNE_HA","A","2006",5.61965811845734,
"SAU","CROPYIELD","WHEAT","TONNE_HA","A","2007",5.68444444318123,
"SAU","CROPYIELD","WHEAT","TONNE_HA","A","2008",6.09202453800858,
"SAU","CROPYIELD","WHEAT","TONNE_HA","A","2009",5.87755101740941,
"SAU","CROPYIELD","WHEAT","TONNE_HA","A","2010",6.7449999966275,
"SAU","CROPYIELD","WHEAT","TONNE_HA","A","2011",5.3818181793719,
"SAU","CROPYIELD","WHEAT","TONNE_HA","A","2012",5.77777777349794,
"SAU","CROPYIELD","WHEAT","TONNE_HA","A","2013",4.99999999583333,
"SAU","CROPYIELD","WHEAT","TONNE_HA","A","2014",4.16666666319444,
"SAU","CROPYIELD","WHEAT","TONNE_HA","A","2015",0.249999999791667,
"SAU","CROPYIELD","WHEAT","TONNE_HA","A","2016",0.0833333332638889,
"SAU","CROPYIELD","WHEAT","TONNE_HA","A","2017",0.0829999925208349,
"SAU","CROPYIELD","WHEAT","TONNE_HA","A","2018",0.0830451954240699,
"ZAF","CROPYIELD","WHEAT","TONNE_HA","A","1995",1.45047688910855,
"ZAF","CROPYIELD","WHEAT","TONNE_HA","A","1996",2.09582689319198,
"ZAF","CROPYIELD","WHEAT","TONNE_HA","A","1997",1.75759768438802,
"ZAF","CROPYIELD","WHEAT","TONNE_HA","A","1998",2.52941176436773,
"ZAF","CROPYIELD","WHEAT","TONNE_HA","A","1999",2.40250696345369,
"ZAF","CROPYIELD","WHEAT","TONNE_HA","A","2000",2.8430913345617,
"ZAF","CROPYIELD","WHEAT","TONNE_HA","A","2001",2.61105318012398,
"ZAF","CROPYIELD","WHEAT","TONNE_HA","A","2002",2.59086078612212,
"ZAF","CROPYIELD","WHEAT","TONNE_HA","A","2003",2.06818181790532,
"ZAF","CROPYIELD","WHEAT","TONNE_HA","A","2004",2.0240963852983,
"ZAF","CROPYIELD","WHEAT","TONNE_HA","A","2005",2.36645962703522,
"ZAF","CROPYIELD","WHEAT","TONNE_HA","A","2006",2.75163398656841,
"ZAF","CROPYIELD","WHEAT","TONNE_HA","A","2007",3.01424050585218,
"ZAF","CROPYIELD","WHEAT","TONNE_HA","A","2008",2.90374331511982,
"ZAF","CROPYIELD","WHEAT","TONNE_HA","A","2009",3.05909797775131,
"ZAF","CROPYIELD","WHEAT","TONNE_HA","A","2010",2.57347670204776,
"ZAF","CROPYIELD","WHEAT","TONNE_HA","A","2011",3.32892343255682,
"ZAF","CROPYIELD","WHEAT","TONNE_HA","A","2012",3.60652591101602,
"ZAF","CROPYIELD","WHEAT","TONNE_HA","A","2013",3.64147286751134,
"ZAF","CROPYIELD","WHEAT","TONNE_HA","A","2014",3.67991631722177,
"ZAF","CROPYIELD","WHEAT","TONNE_HA","A","2015",2.94512195062091,
"ZAF","CROPYIELD","WHEAT","TONNE_HA","A","2016",3.67256756685858,
"ZAF","CROPYIELD","WHEAT","TONNE_HA","A","2017",3.64628918098026,
"ZAF","CROPYIELD","WHEAT","TONNE_HA","A","2018",3.69536687160262,
"SDN","CROPYIELD","WHEAT","TONNE_HA","A","1995",1.768456339836,
"SDN","CROPYIELD","WHEAT","TONNE_HA","A","1996",1.951367735863,
"SDN","CROPYIELD","WHEAT","TONNE_HA","A","1997",2.155234575272,
"SDN","CROPYIELD","WHEAT","TONNE_HA","A","1998",1.191489338875,
"SDN","CROPYIELD","WHEAT","TONNE_HA","A","1999",2.326086997986,
"SDN","CROPYIELD","WHEAT","TONNE_HA","A","2000",2.783333301544,
"SDN","CROPYIELD","WHEAT","TONNE_HA","A","2001",2.129310369492,
"SDN","CROPYIELD","WHEAT","TONNE_HA","A","2002",2.799999952316,
"SDN","CROPYIELD","WHEAT","TONNE_HA","A","2003",1.964497089386,
"SDN","CROPYIELD","WHEAT","TONNE_HA","A","2004",2.41666674614,
"SDN","CROPYIELD","WHEAT","TONNE_HA","A","2005",2.461538553238,
"SDN","CROPYIELD","WHEAT","TONNE_HA","A","2006",2.193442583084,
"SDN","CROPYIELD","WHEAT","TONNE_HA","A","2007",1.912052154541,
"SDN","CROPYIELD","WHEAT","TONNE_HA","A","2008",1.585185170174,
"SDN","CROPYIELD","WHEAT","TONNE_HA","A","2009",1.714893698692,
"SDN","CROPYIELD","WHEAT","TONNE_HA","A","2010",1.489795923233,
"SDN","CROPYIELD","WHEAT","TONNE_HA","A","2011",1.628140687943,
"SDN","CROPYIELD","WHEAT","TONNE_HA","A","2012",2.119999885559,
"SDN","CROPYIELD","WHEAT","TONNE_HA","A","2013",1.41709280014,
"SDN","CROPYIELD","WHEAT","TONNE_HA","A","2014",1.996623039246,
"SDN","CROPYIELD","WHEAT","TONNE_HA","A","2015",2.047277450562,
"SDN","CROPYIELD","WHEAT","TONNE_HA","A","2016",1.899535655975,
"SDN","CROPYIELD","WHEAT","TONNE_HA","A","2017",1.873677477304,
"SDN","CROPYIELD","WHEAT","TONNE_HA","A","2018",1.892677033619,
"TZA","CROPYIELD","WHEAT","TONNE_HA","A","1995",1.52727272449587,
"TZA","CROPYIELD","WHEAT","TONNE_HA","A","1996",1.36842105023084,
"TZA","CROPYIELD","WHEAT","TONNE_HA","A","1997",1.49999999797297,
"TZA","CROPYIELD","WHEAT","TONNE_HA","A","1998",1.61249999798438,
"TZA","CROPYIELD","WHEAT","TONNE_HA","A","1999",1.43859648870422,
"TZA","CROPYIELD","WHEAT","TONNE_HA","A","2000",0.458333332696759,
"TZA","CROPYIELD","WHEAT","TONNE_HA","A","2001",1.53448275597503,
"TZA","CROPYIELD","WHEAT","TONNE_HA","A","2002",1.39999999745455,
"TZA","CROPYIELD","WHEAT","TONNE_HA","A","2003",0.986666665351111,
"TZA","CROPYIELD","WHEAT","TONNE_HA","A","2004",0.971014491346356,
"TZA","CROPYIELD","WHEAT","TONNE_HA","A","2005",1.01290324625081,
"TZA","CROPYIELD","WHEAT","TONNE_HA","A","2006",2.06766916904573,
"TZA","CROPYIELD","WHEAT","TONNE_HA","A","2007",1.09814323461785,
"TZA","CROPYIELD","WHEAT","TONNE_HA","A","2008",1.00462965129382,
"TZA","CROPYIELD","WHEAT","TONNE_HA","A","2009",0.552077747619251,
"TZA","CROPYIELD","WHEAT","TONNE_HA","A","2010",1.14440370395311,
"TZA","CROPYIELD","WHEAT","TONNE_HA","A","2011",1.03357798070314,
"TZA","CROPYIELD","WHEAT","TONNE_HA","A","2012",0.991803277785243,
"TZA","CROPYIELD","WHEAT","TONNE_HA","A","2013",0.945454544595041,
"TZA","CROPYIELD","WHEAT","TONNE_HA","A","2014",1.67000001623264,
"TZA","CROPYIELD","WHEAT","TONNE_HA","A","2015",0.999999999,
"TZA","CROPYIELD","WHEAT","TONNE_HA","A","2016",0.999999999,
"TZA","CROPYIELD","WHEAT","TONNE_HA","A","2017",1.12811599085886,
"TZA","CROPYIELD","WHEAT","TONNE_HA","A","2018",1.14635323301221,
"THA","CROPYIELD","WHEAT","TONNE_HA","A","1995",0.99889012208657,
"THA","CROPYIELD","WHEAT","TONNE_HA","A","1996",0.645454466431791,
"THA","CROPYIELD","WHEAT","TONNE_HA","A","1997",0.651607218396961,
"THA","CROPYIELD","WHEAT","TONNE_HA","A","1998",0.639166598685044,
"THA","CROPYIELD","WHEAT","TONNE_HA","A","1999",0.632520264686812,
"THA","CROPYIELD","WHEAT","TONNE_HA","A","2000",0.65466440327119,
"THA","CROPYIELD","WHEAT","TONNE_HA","A","2001",0.81799993495651,
"THA","CROPYIELD","WHEAT","TONNE_HA","A","2002",0.813645518519782,
"THA","CROPYIELD","WHEAT","TONNE_HA","A","2003",0.827794466194047,
"THA","CROPYIELD","WHEAT","TONNE_HA","A","2004",0.884102485226749,
"THA","CROPYIELD","WHEAT","TONNE_HA","A","2005",0.909182564405124,
"THA","CROPYIELD","WHEAT","TONNE_HA","A","2006",1.02459002964175,
"THA","CROPYIELD","WHEAT","TONNE_HA","A","2007",1.05268276577318,
"THA","CROPYIELD","WHEAT","TONNE_HA","A","2008",1.04364682272873,
"THA","CROPYIELD","WHEAT","TONNE_HA","A","2009",1.02242983854874,
"THA","CROPYIELD","WHEAT","TONNE_HA","A","2010",1.03793097690282,
"THA","CROPYIELD","WHEAT","TONNE_HA","A","2011",1.0529621922882,
"THA","CROPYIELD","WHEAT","TONNE_HA","A","2012",0.869565113270334,
"THA","CROPYIELD","WHEAT","TONNE_HA","A","2013",1.249999921875,
"THA","CROPYIELD","WHEAT","TONNE_HA","A","2014",1.13675199938077,
"THA","CROPYIELD","WHEAT","TONNE_HA","A","2015",1.13675199938077,
"THA","CROPYIELD","WHEAT","TONNE_HA","A","2016",1.13675199938077,
"THA","CROPYIELD","WHEAT","TONNE_HA","A","2017",1.13649573811587,
"THA","CROPYIELD","WHEAT","TONNE_HA","A","2018",1.15371110424061,
"UKR","CROPYIELD","WHEAT","TONNE_HA","A","1995",3.1027559773115,
"UKR","CROPYIELD","WHEAT","TONNE_HA","A","1996",2.5458248472073,
"UKR","CROPYIELD","WHEAT","TONNE_HA","A","1997",2.91903518201077,
"UKR","CROPYIELD","WHEAT","TONNE_HA","A","1998",3.01365006199231,
"UKR","CROPYIELD","WHEAT","TONNE_HA","A","1999",2.52865812537882,
"UKR","CROPYIELD","WHEAT","TONNE_HA","A","2000",2.13550766837244,
"UKR","CROPYIELD","WHEAT","TONNE_HA","A","2001",3.10027612261154,
"UKR","CROPYIELD","WHEAT","TONNE_HA","A","2002",2.92681481477145,
"UKR","CROPYIELD","WHEAT","TONNE_HA","A","2003",1.36674259675905,
"UKR","CROPYIELD","WHEAT","TONNE_HA","A","2004",3.11024320960216,
"UKR","CROPYIELD","WHEAT","TONNE_HA","A","2005",2.84568558814723,
"UKR","CROPYIELD","WHEAT","TONNE_HA","A","2006",2.5307566684353,
"UKR","CROPYIELD","WHEAT","TONNE_HA","A","2007",2.34352158348019,
"UKR","CROPYIELD","WHEAT","TONNE_HA","A","2008",3.66975728700706,
"UKR","CROPYIELD","WHEAT","TONNE_HA","A","2009",3.09289342352037,
"UKR","CROPYIELD","WHEAT","TONNE_HA","A","2010",2.68152957459809,
"UKR","CROPYIELD","WHEAT","TONNE_HA","A","2011",3.3527105582841,
"UKR","CROPYIELD","WHEAT","TONNE_HA","A","2012",2.79943869117716,
"UKR","CROPYIELD","WHEAT","TONNE_HA","A","2013",3.39308559239426,
"UKR","CROPYIELD","WHEAT","TONNE_HA","A","2014",3.88935483864695,
"UKR","CROPYIELD","WHEAT","TONNE_HA","A","2015",3.87894736836434,
"UKR","CROPYIELD","WHEAT","TONNE_HA","A","2016",4.23065669694033,
"UKR","CROPYIELD","WHEAT","TONNE_HA","A","2017",3.87999956171498,
"UKR","CROPYIELD","WHEAT","TONNE_HA","A","2018",3.92647546880615,
"URY","CROPYIELD","WHEAT","TONNE_HA","A","1995",2.33928571289328,
"URY","CROPYIELD","WHEAT","TONNE_HA","A","1996",2.59999999896,
"URY","CROPYIELD","WHEAT","TONNE_HA","A","1997",1.9881889755952,
"URY","CROPYIELD","WHEAT","TONNE_HA","A","1998",2.89637305549411,
"URY","CROPYIELD","WHEAT","TONNE_HA","A","1999",1.9591836724698,
"URY","CROPYIELD","WHEAT","TONNE_HA","A","2000",2.53124999802246,
"URY","CROPYIELD","WHEAT","TONNE_HA","A","2001",1.1519999990784,
"URY","CROPYIELD","WHEAT","TONNE_HA","A","2002",1.50364963393894,
"URY","CROPYIELD","WHEAT","TONNE_HA","A","2003",2.7627118620655,
"URY","CROPYIELD","WHEAT","TONNE_HA","A","2004",2.97765362962142,
"URY","CROPYIELD","WHEAT","TONNE_HA","A","2005",2.94805194613763,
"URY","CROPYIELD","WHEAT","TONNE_HA","A","2006",3.16580310716798,
"URY","CROPYIELD","WHEAT","TONNE_HA","A","2007",2.82186234703568,
"URY","CROPYIELD","WHEAT","TONNE_HA","A","2008",2.85084033553554,
"URY","CROPYIELD","WHEAT","TONNE_HA","A","2009",3.33453887823969,
"URY","CROPYIELD","WHEAT","TONNE_HA","A","2010",3.21955445464863,
"URY","CROPYIELD","WHEAT","TONNE_HA","A","2011",3.39966273129854,
"URY","CROPYIELD","WHEAT","TONNE_HA","A","2012",2.18311111062598,
"URY","CROPYIELD","WHEAT","TONNE_HA","A","2013",3.31774891703079,
"URY","CROPYIELD","WHEAT","TONNE_HA","A","2014",2.69709127314516,
"URY","CROPYIELD","WHEAT","TONNE_HA","A","2015",3.60939395626773,
"URY","CROPYIELD","WHEAT","TONNE_HA","A","2016",3.85281385114597,
"URY","CROPYIELD","WHEAT","TONNE_HA","A","2017",3.25302728160004,
"URY","CROPYIELD","WHEAT","TONNE_HA","A","2018",3.30824933209662,
"VNM","CROPYIELD","WHEAT","TONNE_HA","A","1995",0.99889012208657,
"VNM","CROPYIELD","WHEAT","TONNE_HA","A","1996",0.99889012208657,
"VNM","CROPYIELD","WHEAT","TONNE_HA","A","1997",0.99889012208657,
"VNM","CROPYIELD","WHEAT","TONNE_HA","A","1998",0.99889012208657,
"VNM","CROPYIELD","WHEAT","TONNE_HA","A","1999",0.99889012208657,
"VNM","CROPYIELD","WHEAT","TONNE_HA","A","2000",0.99889012208657,
"VNM","CROPYIELD","WHEAT","TONNE_HA","A","2001",0.99889012208657,
"VNM","CROPYIELD","WHEAT","TONNE_HA","A","2002",0.99889012208657,
"VNM","CROPYIELD","WHEAT","TONNE_HA","A","2003",0.99889012208657,
"VNM","CROPYIELD","WHEAT","TONNE_HA","A","2004",0.99889012208657,
"VNM","CROPYIELD","WHEAT","TONNE_HA","A","2005",0.99889012208657,
"VNM","CROPYIELD","WHEAT","TONNE_HA","A","2006",0.99889012208657,
"VNM","CROPYIELD","WHEAT","TONNE_HA","A","2007",0.99889012208657,
"VNM","CROPYIELD","WHEAT","TONNE_HA","A","2008",0.99889012208657,
"VNM","CROPYIELD","WHEAT","TONNE_HA","A","2009",0.99889012208657,
"VNM","CROPYIELD","WHEAT","TONNE_HA","A","2010",0.99889012208657,
"VNM","CROPYIELD","WHEAT","TONNE_HA","A","2011",0.99889012208657,
"VNM","CROPYIELD","WHEAT","TONNE_HA","A","2012",0.99889012208657,
"VNM","CROPYIELD","WHEAT","TONNE_HA","A","2013",0.99889012208657,
"VNM","CROPYIELD","WHEAT","TONNE_HA","A","2014",0.99889012208657,
"VNM","CROPYIELD","WHEAT","TONNE_HA","A","2015",0.99889012208657,
"VNM","CROPYIELD","WHEAT","TONNE_HA","A","2016",0.99889012208657,
"VNM","CROPYIELD","WHEAT","TONNE_HA","A","2017",1.03159479347364,
"VNM","CROPYIELD","WHEAT","TONNE_HA","A","2018",1.04688887471593,
"ZMB","CROPYIELD","WHEAT","TONNE_HA","A","1995",2.64705880795848,
"ZMB","CROPYIELD","WHEAT","TONNE_HA","A","1996",2.77777776234568,
"ZMB","CROPYIELD","WHEAT","TONNE_HA","A","1997",5.45454540495868,
"ZMB","CROPYIELD","WHEAT","TONNE_HA","A","1998",5.66713959262937,
"ZMB","CROPYIELD","WHEAT","TONNE_HA","A","1999",6.9777239494232,
"ZMB","CROPYIELD","WHEAT","TONNE_HA","A","2000",6.21015147627597,
"ZMB","CROPYIELD","WHEAT","TONNE_HA","A","2001",6.66666661111111,
"ZMB","CROPYIELD","WHEAT","TONNE_HA","A","2002",6.24999994791667,
"ZMB","CROPYIELD","WHEAT","TONNE_HA","A","2003",6.42857139795918,
"ZMB","CROPYIELD","WHEAT","TONNE_HA","A","2004",6.11814216851405,
"ZMB","CROPYIELD","WHEAT","TONNE_HA","A","2005",6.21968178991054,
"ZMB","CROPYIELD","WHEAT","TONNE_HA","A","2006",5.46783622533429,
"ZMB","CROPYIELD","WHEAT","TONNE_HA","A","2007",6.03726284116498,
"ZMB","CROPYIELD","WHEAT","TONNE_HA","A","2008",9.55677262039574,
"ZMB","CROPYIELD","WHEAT","TONNE_HA","A","2009",5.69909025630076,
"ZMB","CROPYIELD","WHEAT","TONNE_HA","A","2010",6.33480451775476,
"ZMB","CROPYIELD","WHEAT","TONNE_HA","A","2011",6.30592234687695,
"ZMB","CROPYIELD","WHEAT","TONNE_HA","A","2012",6.80961596678937,
"ZMB","CROPYIELD","WHEAT","TONNE_HA","A","2013",6.54350632254603,
"ZMB","CROPYIELD","WHEAT","TONNE_HA","A","2014",5.75725712640784,
"ZMB","CROPYIELD","WHEAT","TONNE_HA","A","2015",6.68749997910156,
"ZMB","CROPYIELD","WHEAT","TONNE_HA","A","2016",7.81249997558594,
"ZMB","CROPYIELD","WHEAT","TONNE_HA","A","2017",6.95345077488284,
"ZMB","CROPYIELD","WHEAT","TONNE_HA","A","2018",7.20164205344883,
"WLD","CROPYIELD","WHEAT","TONNE_HA","A","1995",2.47976705028267,
"WLD","CROPYIELD","WHEAT","TONNE_HA","A","1996",2.55283089476435,
"WLD","CROPYIELD","WHEAT","TONNE_HA","A","1997",2.69321317550475,
"WLD","CROPYIELD","WHEAT","TONNE_HA","A","1998",2.6312242417278,
"WLD","CROPYIELD","WHEAT","TONNE_HA","A","1999",2.73684617402734,
"WLD","CROPYIELD","WHEAT","TONNE_HA","A","2000",2.69092488785817,
"WLD","CROPYIELD","WHEAT","TONNE_HA","A","2001",2.72106902003407,
"WLD","CROPYIELD","WHEAT","TONNE_HA","A","2002",2.66499055901906,
"WLD","CROPYIELD","WHEAT","TONNE_HA","A","2003",2.67252352871628,
"WLD","CROPYIELD","WHEAT","TONNE_HA","A","2004",2.89645208626605,
"WLD","CROPYIELD","WHEAT","TONNE_HA","A","2005",2.84248309283558,
"WLD","CROPYIELD","WHEAT","TONNE_HA","A","2006",2.82522392689594,
"WLD","CROPYIELD","WHEAT","TONNE_HA","A","2007",2.82072634305202,
"WLD","CROPYIELD","WHEAT","TONNE_HA","A","2008",3.0345734464352,
"WLD","CROPYIELD","WHEAT","TONNE_HA","A","2009",3.02466446172724,
"WLD","CROPYIELD","WHEAT","TONNE_HA","A","2010",2.93867511181553,
"WLD","CROPYIELD","WHEAT","TONNE_HA","A","2011",3.15144088458563,
"WLD","CROPYIELD","WHEAT","TONNE_HA","A","2012",2.97937887130054,
"WLD","CROPYIELD","WHEAT","TONNE_HA","A","2013",3.2322077838306,
"WLD","CROPYIELD","WHEAT","TONNE_HA","A","2014",3.27679006339311,
"WLD","CROPYIELD","WHEAT","TONNE_HA","A","2015",3.29453777260015,
"WLD","CROPYIELD","WHEAT","TONNE_HA","A","2016",3.42598662717999,
"WLD","CROPYIELD","WHEAT","TONNE_HA","A","2017",3.33939150418645,
"WLD","CROPYIELD","WHEAT","TONNE_HA","A","2018",3.37988685994236,
"SSA","CROPYIELD","WHEAT","TONNE_HA","A","1995",1.53196372743616,
"SSA","CROPYIELD","WHEAT","TONNE_HA","A","1996",1.69935116134317,
"SSA","CROPYIELD","WHEAT","TONNE_HA","A","1997",1.62900578486457,
"SSA","CROPYIELD","WHEAT","TONNE_HA","A","1998",1.62178938353945,
"SSA","CROPYIELD","WHEAT","TONNE_HA","A","1999",1.50346866466266,
"SSA","CROPYIELD","WHEAT","TONNE_HA","A","2000",1.47066742796005,
"SSA","CROPYIELD","WHEAT","TONNE_HA","A","2001",1.64355566008699,
"SSA","CROPYIELD","WHEAT","TONNE_HA","A","2002",1.71787324991441,
"SSA","CROPYIELD","WHEAT","TONNE_HA","A","2003",1.60910604402196,
"SSA","CROPYIELD","WHEAT","TONNE_HA","A","2004",1.69687362885917,
"SSA","CROPYIELD","WHEAT","TONNE_HA","A","2005",1.75091214660404,
"SSA","CROPYIELD","WHEAT","TONNE_HA","A","2006",1.79167499439369,
"SSA","CROPYIELD","WHEAT","TONNE_HA","A","2007",1.80918305054341,
"SSA","CROPYIELD","WHEAT","TONNE_HA","A","2008",1.68527419159679,
"SSA","CROPYIELD","WHEAT","TONNE_HA","A","2009",1.73762562359392,
"SSA","CROPYIELD","WHEAT","TONNE_HA","A","2010",1.91460575760014,
"SSA","CROPYIELD","WHEAT","TONNE_HA","A","2011",1.98075031799818,
"SSA","CROPYIELD","WHEAT","TONNE_HA","A","2012",2.16597872708039,
"SSA","CROPYIELD","WHEAT","TONNE_HA","A","2013",2.35335222596232,
"SSA","CROPYIELD","WHEAT","TONNE_HA","A","2014",2.4611217397281,
"SSA","CROPYIELD","WHEAT","TONNE_HA","A","2015",2.47267196085725,
"SSA","CROPYIELD","WHEAT","TONNE_HA","A","2016",2.47592416771807,
"SSA","CROPYIELD","WHEAT","TONNE_HA","A","2017",2.51050709839487,
"SSA","CROPYIELD","WHEAT","TONNE_HA","A","2018",2.55554465268486,
"OECD","CROPYIELD","WHEAT","TONNE_HA","A","1995",3.01012603840564,
"OECD","CROPYIELD","WHEAT","TONNE_HA","A","1996",3.12530022151681,
"OECD","CROPYIELD","WHEAT","TONNE_HA","A","1997",3.11602919593658,
"OECD","CROPYIELD","WHEAT","TONNE_HA","A","1998",3.32737852579862,
"OECD","CROPYIELD","WHEAT","TONNE_HA","A","1999",3.30635466528198,
"OECD","CROPYIELD","WHEAT","TONNE_HA","A","2000",3.26281889708538,
"OECD","CROPYIELD","WHEAT","TONNE_HA","A","2001",3.1513905103078,
"OECD","CROPYIELD","WHEAT","TONNE_HA","A","2002",3.03021759294777,
"OECD","CROPYIELD","WHEAT","TONNE_HA","A","2003",3.15351032391433,
"OECD","CROPYIELD","WHEAT","TONNE_HA","A","2004",3.5159102685674,
"OECD","CROPYIELD","WHEAT","TONNE_HA","A","2005",3.43570608055897,
"OECD","CROPYIELD","WHEAT","TONNE_HA","A","2006",3.18708111044867,
"OECD","CROPYIELD","WHEAT","TONNE_HA","A","2007",3.07919958202411,
"OECD","CROPYIELD","WHEAT","TONNE_HA","A","2008",3.59417781407207,
"OECD","CROPYIELD","WHEAT","TONNE_HA","A","2009",3.5034852378148,
"OECD","CROPYIELD","WHEAT","TONNE_HA","A","2010",3.59223840734638,
"OECD","CROPYIELD","WHEAT","TONNE_HA","A","2011",3.64176224238289,
"OECD","CROPYIELD","WHEAT","TONNE_HA","A","2012",3.54965287602657,
"OECD","CROPYIELD","WHEAT","TONNE_HA","A","2013",3.8594121912825,
"OECD","CROPYIELD","WHEAT","TONNE_HA","A","2014",3.80537264176567,
"OECD","CROPYIELD","WHEAT","TONNE_HA","A","2015",3.85248498795949,
"OECD","CROPYIELD","WHEAT","TONNE_HA","A","2016",3.98844415120257,
"OECD","CROPYIELD","WHEAT","TONNE_HA","A","2017",3.91132389333287,
"OECD","CROPYIELD","WHEAT","TONNE_HA","A","2018",3.94410787150526,
"BRICS","CROPYIELD","WHEAT","TONNE_HA","A","1995",2.49428983247656,
"BRICS","CROPYIELD","WHEAT","TONNE_HA","A","1996",2.55826631678282,
"BRICS","CROPYIELD","WHEAT","TONNE_HA","A","1997",2.84782968999947,
"BRICS","CROPYIELD","WHEAT","TONNE_HA","A","1998",2.44577063342841,
"BRICS","CROPYIELD","WHEAT","TONNE_HA","A","1999",2.70812433787321,
"BRICS","CROPYIELD","WHEAT","TONNE_HA","A","2000",2.7076826766553,
"BRICS","CROPYIELD","WHEAT","TONNE_HA","A","2001",2.81630116414411,
"BRICS","CROPYIELD","WHEAT","TONNE_HA","A","2002",2.77853116758162,
"BRICS","CROPYIELD","WHEAT","TONNE_HA","A","2003",2.67482991874121,
"BRICS","CROPYIELD","WHEAT","TONNE_HA","A","2004",2.8614798343997,
"BRICS","CROPYIELD","WHEAT","TONNE_HA","A","2005",2.83547689910939,
"BRICS","CROPYIELD","WHEAT","TONNE_HA","A","2006",2.9906710694184,
"BRICS","CROPYIELD","WHEAT","TONNE_HA","A","2007",3.06019310926009,
"BRICS","CROPYIELD","WHEAT","TONNE_HA","A","2008",3.22866860743238,
"BRICS","CROPYIELD","WHEAT","TONNE_HA","A","2009",3.15529069281511,
"BRICS","CROPYIELD","WHEAT","TONNE_HA","A","2010",2.98499951257191,
"BRICS","CROPYIELD","WHEAT","TONNE_HA","A","2011",3.28053698169991,
"BRICS","CROPYIELD","WHEAT","TONNE_HA","A","2012",3.15831590212196,
"BRICS","CROPYIELD","WHEAT","TONNE_HA","A","2013",3.36148376218342,
"BRICS","CROPYIELD","WHEAT","TONNE_HA","A","2014",3.49523579784888,
"BRICS","CROPYIELD","WHEAT","TONNE_HA","A","2015",3.39211445682512,
"BRICS","CROPYIELD","WHEAT","TONNE_HA","A","2016",3.61486952881653,
"BRICS","CROPYIELD","WHEAT","TONNE_HA","A","2017",3.46317730329673,
"BRICS","CROPYIELD","WHEAT","TONNE_HA","A","2018",3.49291128603347,
"NOR","CROPYIELD","WHEAT","TONNE_HA","A","1995",4.66722726565572,
"NOR","CROPYIELD","WHEAT","TONNE_HA","A","1996",4.45759321278374,
"NOR","CROPYIELD","WHEAT","TONNE_HA","A","1997",4.2657627046343,
"NOR","CROPYIELD","WHEAT","TONNE_HA","A","1998",4.65540579035449,
"NOR","CROPYIELD","WHEAT","TONNE_HA","A","1999",4.40550189365818,
"NOR","CROPYIELD","WHEAT","TONNE_HA","A","2000",4.54253705406743,
"NOR","CROPYIELD","WHEAT","TONNE_HA","A","2001",4.02191373004377,
"NOR","CROPYIELD","WHEAT","TONNE_HA","A","2002",4.19228066050251,
"NOR","CROPYIELD","WHEAT","TONNE_HA","A","2003",4.62197594919474,
"NOR","CROPYIELD","WHEAT","TONNE_HA","A","2004",4.72533047128962,
"NOR","CROPYIELD","WHEAT","TONNE_HA","A","2005",4.86304014142797,
"NOR","CROPYIELD","WHEAT","TONNE_HA","A","2006",4.12629231458512,
"NOR","CROPYIELD","WHEAT","TONNE_HA","A","2007",4.35471473240608,
"NOR","CROPYIELD","WHEAT","TONNE_HA","A","2008",4.82574356912905,
"NOR","CROPYIELD","WHEAT","TONNE_HA","A","2009",3.37114337154664,
"NOR","CROPYIELD","WHEAT","TONNE_HA","A","2010",4.56614433387216,
"NOR","CROPYIELD","WHEAT","TONNE_HA","A","2011",3.81550667217044,
"NOR","CROPYIELD","WHEAT","TONNE_HA","A","2012",4.07276185871171,
"NOR","CROPYIELD","WHEAT","TONNE_HA","A","2013",3.84161523998391,
"NOR","CROPYIELD","WHEAT","TONNE_HA","A","2014",4.79296000203189,
"NOR","CROPYIELD","WHEAT","TONNE_HA","A","2015",3.7003587285428,
"NOR","CROPYIELD","WHEAT","TONNE_HA","A","2016",3.70940606039743,
"NOR","CROPYIELD","WHEAT","TONNE_HA","A","2017",4.06757493047718,
"NOR","CROPYIELD","WHEAT","TONNE_HA","A","2018",4.08791280512957,
"CHE","CROPYIELD","WHEAT","TONNE_HA","A","1995",6.18627450373895,
"CHE","CROPYIELD","WHEAT","TONNE_HA","A","1996",7.03283463005805,
"CHE","CROPYIELD","WHEAT","TONNE_HA","A","1997",6.25573376115175,
"CHE","CROPYIELD","WHEAT","TONNE_HA","A","1998",6.19386367949909,
"CHE","CROPYIELD","WHEAT","TONNE_HA","A","1999",5.27078159058952,
"CHE","CROPYIELD","WHEAT","TONNE_HA","A","2000",5.96294701757764,
"CHE","CROPYIELD","WHEAT","TONNE_HA","A","2001",5.53286495524048,
"CHE","CROPYIELD","WHEAT","TONNE_HA","A","2002",5.69139859467628,
"CHE","CROPYIELD","WHEAT","TONNE_HA","A","2003",5.07411656293496,
"CHE","CROPYIELD","WHEAT","TONNE_HA","A","2004",6.16207983881072,
"CHE","CROPYIELD","WHEAT","TONNE_HA","A","2005",5.78833734862139,
"CHE","CROPYIELD","WHEAT","TONNE_HA","A","2006",5.8550773844725,
"CHE","CROPYIELD","WHEAT","TONNE_HA","A","2007",6.03943127703364,
"CHE","CROPYIELD","WHEAT","TONNE_HA","A","2008",6.07228862114352,
"CHE","CROPYIELD","WHEAT","TONNE_HA","A","2009",6.10664606760751,
"CHE","CROPYIELD","WHEAT","TONNE_HA","A","2010",5.83902811713952,
"CHE","CROPYIELD","WHEAT","TONNE_HA","A","2011",6.391465376073,
"CHE","CROPYIELD","WHEAT","TONNE_HA","A","2012",5.86732678083609,
"CHE","CROPYIELD","WHEAT","TONNE_HA","A","2013",5.44733221999075,
"CHE","CROPYIELD","WHEAT","TONNE_HA","A","2014",6.43202572417688,
"CHE","CROPYIELD","WHEAT","TONNE_HA","A","2015",6.22606651088669,
"CHE","CROPYIELD","WHEAT","TONNE_HA","A","2016",6.22606651088669,
"CHE","CROPYIELD","WHEAT","TONNE_HA","A","2017",6.23215068307972,
"CHE","CROPYIELD","WHEAT","TONNE_HA","A","2018",6.23408289719127,
"EU28","CROPYIELD","WHEAT","TONNE_HA","A","1995",4.70594265373476,
"EU28","CROPYIELD","WHEAT","TONNE_HA","A","1996",4.96926831374106,
"EU28","CROPYIELD","WHEAT","TONNE_HA","A","1997",4.78909821466913,
"EU28","CROPYIELD","WHEAT","TONNE_HA","A","1998",5.13061911872363,
"EU28","CROPYIELD","WHEAT","TONNE_HA","A","1999",4.97025804193764,
"EU28","CROPYIELD","WHEAT","TONNE_HA","A","2000",4.93747742556856,
"EU28","CROPYIELD","WHEAT","TONNE_HA","A","2001",4.76013983264797,
"EU28","CROPYIELD","WHEAT","TONNE_HA","A","2002",4.94523284913722,
"EU28","CROPYIELD","WHEAT","TONNE_HA","A","2003",4.51490374301686,
"EU28","CROPYIELD","WHEAT","TONNE_HA","A","2004",5.60958807441841,
"EU28","CROPYIELD","WHEAT","TONNE_HA","A","2005",5.10592285504481,
"EU28","CROPYIELD","WHEAT","TONNE_HA","A","2006",5.08858450067408,
"EU28","CROPYIELD","WHEAT","TONNE_HA","A","2007",4.83959566431227,
"EU28","CROPYIELD","WHEAT","TONNE_HA","A","2008",5.69685556254888,
"EU28","CROPYIELD","WHEAT","TONNE_HA","A","2009",5.41839314282621,
"EU28","CROPYIELD","WHEAT","TONNE_HA","A","2010",5.28987190671426,
"EU28","CROPYIELD","WHEAT","TONNE_HA","A","2011",5.33167266579599,
"EU28","CROPYIELD","WHEAT","TONNE_HA","A","2012",5.20216649947109,
"EU28","CROPYIELD","WHEAT","TONNE_HA","A","2013",5.60144144743827,
"EU28","CROPYIELD","WHEAT","TONNE_HA","A","2014",5.89010044384474,
"EU28","CROPYIELD","WHEAT","TONNE_HA","A","2015",6.02763890536781,
"EU28","CROPYIELD","WHEAT","TONNE_HA","A","2016",5.37116020210726,
"EU28","CROPYIELD","WHEAT","TONNE_HA","A","2017",5.76259630114019,
"EU28","CROPYIELD","WHEAT","TONNE_HA","A","2018",5.80247073408511,
"HTI","CROPYIELD","WHEAT","TONNE_HA","A","1995",1,
"HTI","CROPYIELD","WHEAT","TONNE_HA","A","1996",1,
"HTI","CROPYIELD","WHEAT","TONNE_HA","A","1997",1,
"HTI","CROPYIELD","WHEAT","TONNE_HA","A","1998",1,
"HTI","CROPYIELD","WHEAT","TONNE_HA","A","1999",1,
"HTI","CROPYIELD","WHEAT","TONNE_HA","A","2000",1,
"HTI","CROPYIELD","WHEAT","TONNE_HA","A","2001",1,
"HTI","CROPYIELD","WHEAT","TONNE_HA","A","2002",1,
"HTI","CROPYIELD","WHEAT","TONNE_HA","A","2003",1,
"HTI","CROPYIELD","WHEAT","TONNE_HA","A","2004",1,
"HTI","CROPYIELD","WHEAT","TONNE_HA","A","2005",1,
"HTI","CROPYIELD","WHEAT","TONNE_HA","A","2006",1,
"HTI","CROPYIELD","WHEAT","TONNE_HA","A","2007",1,
"HTI","CROPYIELD","WHEAT","TONNE_HA","A","2008",1,
"HTI","CROPYIELD","WHEAT","TONNE_HA","A","2009",1,
"HTI","CROPYIELD","WHEAT","TONNE_HA","A","2010",1,
"HTI","CROPYIELD","WHEAT","TONNE_HA","A","2011",1,
"HTI","CROPYIELD","WHEAT","TONNE_HA","A","2012",1,
"HTI","CROPYIELD","WHEAT","TONNE_HA","A","2013",1,
"HTI","CROPYIELD","WHEAT","TONNE_HA","A","2014",1,
"HTI","CROPYIELD","WHEAT","TONNE_HA","A","2015",1,
"HTI","CROPYIELD","WHEAT","TONNE_HA","A","2016",1,
"HTI","CROPYIELD","WHEAT","TONNE_HA","A","2017",1.036045190737,
"HTI","CROPYIELD","WHEAT","TONNE_HA","A","2018",1.056471761334,
"ISR","CROPYIELD","WHEAT","TONNE_HA","A","1995",3.025000095367,
"ISR","CROPYIELD","WHEAT","TONNE_HA","A","1996",2.283950567245,
"ISR","CROPYIELD","WHEAT","TONNE_HA","A","1997",1.397590398788,
"ISR","CROPYIELD","WHEAT","TONNE_HA","A","1998",1.802325606346,
"ISR","CROPYIELD","WHEAT","TONNE_HA","A","1999",0.453125,
"ISR","CROPYIELD","WHEAT","TONNE_HA","A","2000",1.5,
"ISR","CROPYIELD","WHEAT","TONNE_HA","A","2001",2,
"ISR","CROPYIELD","WHEAT","TONNE_HA","A","2002",2.38666677475,
"ISR","CROPYIELD","WHEAT","TONNE_HA","A","2003",2.67142868042,
"ISR","CROPYIELD","WHEAT","TONNE_HA","A","2004",1.828571438789,
"ISR","CROPYIELD","WHEAT","TONNE_HA","A","2005",2.680000066757,
"ISR","CROPYIELD","WHEAT","TONNE_HA","A","2006",2.095238208771,
"ISR","CROPYIELD","WHEAT","TONNE_HA","A","2007",2.271428585052,
"ISR","CROPYIELD","WHEAT","TONNE_HA","A","2008",1.519999980927,
"ISR","CROPYIELD","WHEAT","TONNE_HA","A","2009",2.216666698456,
"ISR","CROPYIELD","WHEAT","TONNE_HA","A","2010",1.866666674614,
"ISR","CROPYIELD","WHEAT","TONNE_HA","A","2011",1.876923084259,
"ISR","CROPYIELD","WHEAT","TONNE_HA","A","2012",2.907692193985,
"ISR","CROPYIELD","WHEAT","TONNE_HA","A","2013",2.533333301544,
"ISR","CROPYIELD","WHEAT","TONNE_HA","A","2014",1.5,
"ISR","CROPYIELD","WHEAT","TONNE_HA","A","2015",2.58333325386,
"ISR","CROPYIELD","WHEAT","TONNE_HA","A","2016",2.41666674614,
"ISR","CROPYIELD","WHEAT","TONNE_HA","A","2017",2.33482614802,
"ISR","CROPYIELD","WHEAT","TONNE_HA","A","2018",2.369583837586,
